time_sec,true_angle_deg,accel_angle_deg,gyro_angle_deg,complementary_angle_deg,measured_gyro_rate_deg_s
0.000,0.000000,-1.129877,0.000000,-1.129877,22.842979
0.010,0.219992,-1.444702,0.217648,-0.922879,21.764834
0.020,0.439936,1.524961,0.449549,-0.646659,23.190032
0.030,0.659785,1.289422,0.682851,-0.379302,23.330208
0.040,0.879492,-2.632487,0.892853,-0.218563,21.000253
0.050,1.099007,3.905703,1.107832,0.074602,21.497908
0.060,1.318285,1.082798,1.333990,0.316400,22.615748
0.070,1.537277,-1.240051,1.556285,0.503121,22.229567
0.080,1.755936,4.727896,1.780620,0.807464,22.433478
0.090,1.974215,3.538404,1.997862,1.074980,21.724128
0.100,2.192067,-0.969288,2.228512,1.260131,23.065024
0.110,2.409445,6.852402,2.457852,1.596730,22.933996
0.120,2.626302,4.273296,2.680954,1.868901,22.310176
0.130,2.842592,2.817102,2.911954,2.114246,23.100084
0.140,3.058268,7.033815,3.137040,2.433222,22.508609
0.150,3.273284,3.671529,3.350829,2.667501,21.378871
0.160,3.487594,3.417387,3.573713,2.900925,22.288425
0.170,3.701153,2.050402,3.785202,3.091174,21.148880
0.180,3.913914,5.368540,4.010570,3.357581,22.536777
0.190,4.125833,5.317340,4.227646,3.609511,21.707603
0.200,4.336865,4.373565,4.442733,3.835577,21.508707
0.210,4.546965,2.571999,4.652898,4.016267,21.016465
0.220,4.756089,5.080914,4.877292,4.257467,22.439444
0.230,4.964193,4.789696,5.089628,4.476201,21.233615
0.240,5.171234,1.837548,5.298689,4.628307,20.906065
0.250,5.377168,1.697637,5.507231,4.774065,20.854207
0.260,5.581952,6.994835,5.721678,5.028638,21.444686
0.270,5.785544,-0.719176,5.933577,5.121343,21.189896
0.280,5.987903,6.501429,6.144599,5.355747,21.102248
0.290,6.188986,4.993778,6.354470,5.554181,20.987103
0.300,6.388752,9.659368,6.576691,5.854061,22.222055
0.310,6.587160,5.353490,6.777149,6.040499,20.045849
0.320,6.784171,8.432882,6.975344,6.282577,19.819432
0.330,6.979745,5.987460,7.169669,6.467113,19.432501
0.340,7.173842,7.458212,7.373936,6.687117,20.426695
0.350,7.366423,9.208514,7.580772,6.940244,20.683632
0.360,7.557451,6.401062,7.776092,7.120875,19.532042
0.370,7.746887,10.238274,7.963993,7.367365,18.790077
0.380,7.934695,5.450450,8.150372,7.511679,18.637931
0.390,8.120837,8.857320,8.346869,7.731158,19.649672
0.400,8.305279,10.611878,8.542388,7.980381,19.551909
0.410,8.487984,10.138077,8.734553,8.211856,19.216422
0.420,8.668917,13.460029,8.915259,8.493912,18.070628
0.430,8.848044,6.939446,9.101324,8.645166,18.606506
0.440,9.025332,5.577459,9.284609,8.763432,18.328536
0.450,9.200748,6.714910,9.466822,8.901030,18.221278
0.460,9.374259,11.025365,9.652336,9.125320,18.551406
0.470,9.545833,10.790641,9.830715,9.333439,17.837935
0.480,9.715440,9.971082,10.010755,9.522630,18.003912
0.490,9.883049,7.075656,10.183890,9.643363,17.313561
0.500,10.048630,11.965798,10.356756,9.859220,17.286572
0.510,10.212154,7.150393,10.530288,9.975105,17.353218
0.520,10.373594,13.270968,10.685014,10.192654,15.472575
0.530,10.532920,17.676517,10.846713,10.500797,16.169948
0.540,10.690108,11.606235,11.005054,10.678080,15.834117
0.550,10.845129,12.302899,11.159869,10.862294,15.481461
0.560,10.997959,9.765809,11.315390,10.992775,15.552088
0.570,11.148573,6.623040,11.482844,11.069485,16.745358
0.580,11.296947,9.790148,11.629159,11.187288,14.631584
0.590,11.443058,8.710820,11.787874,11.293298,15.871432
0.600,11.586883,7.969372,11.923082,11.359324,13.520866
0.610,11.728401,16.034301,12.066757,11.593625,14.367475
0.620,11.867591,12.549747,12.212075,11.755159,14.531755
0.630,12.004432,12.953651,12.358422,11.922549,14.634725
0.640,12.138906,11.366350,12.503392,12.053496,14.497028
0.650,12.270993,11.838815,12.646624,12.189570,14.323207
0.660,12.400676,14.812053,12.778307,12.371069,13.168295
0.670,12.527939,12.447096,12.906652,12.498367,12.834484
0.680,12.652764,13.979498,13.043115,12.661723,13.646262
0.690,12.775136,12.285125,13.168723,12.777288,12.560859
0.700,12.895042,12.039659,13.283183,12.874705,11.445962
0.710,13.012466,9.495181,13.396294,12.917964,11.311160
0.720,13.127397,8.183025,13.508617,12.933342,11.232258
0.730,13.239823,12.585918,13.629761,13.045114,12.114412
0.740,13.349731,13.490973,13.745545,13.167500,11.578406
0.750,13.457112,10.241787,13.863182,13.224269,11.763635
0.760,13.561956,13.475769,13.969335,13.333329,10.615309
0.770,13.664254,13.798636,14.077624,13.448759,10.828974
0.780,13.763999,8.373979,14.187093,13.454543,10.946896
0.790,13.861183,11.573371,14.286519,13.514357,9.942561
0.800,13.955800,14.973959,14.389504,13.644474,10.298491
0.810,14.047844,15.015491,14.480965,13.761526,9.146063
0.820,14.137312,11.253124,14.572237,13.800805,9.127278
0.830,14.224199,14.620319,14.660778,13.903966,8.854116
0.840,14.308502,16.864520,14.740222,14.041032,7.944371
0.850,14.390219,16.332902,14.830542,14.175383,9.031992
0.860,14.469350,14.231136,14.910624,14.254978,8.008182
0.870,14.545893,13.375953,14.991974,14.317120,8.134990
0.880,14.619850,13.046489,15.074483,14.372567,8.250967
0.890,14.691221,15.860770,15.154135,14.480390,7.965137
0.900,14.760008,15.247768,15.232955,14.572981,7.882011
0.910,14.826215,16.399725,15.303085,14.678244,7.013037
0.920,14.889845,15.219529,15.368043,14.752727,6.495723
0.930,14.950902,16.997812,15.433179,14.861462,6.513617
0.940,15.009393,15.245874,15.482890,14.917868,4.971130
0.950,15.065322,17.027044,15.531966,15.008145,4.907569
0.960,15.118698,17.295755,15.579487,15.100468,4.752098
0.970,15.169527,13.158211,15.627069,15.108254,4.758274
0.980,15.217819,10.697459,15.683295,15.075140,5.622601
0.990,15.263583,19.122315,15.726556,15.198479,4.326082
1.000,15.306828,15.948475,15.771523,15.257546,4.496670
1.010,15.347567,11.061352,15.827407,15.228389,5.588448
1.020,15.385810,13.601261,15.867559,15.235195,4.015125
1.030,15.421570,17.351255,15.913984,15.323012,4.642502
1.040,15.454860,14.755668,15.944577,15.341647,3.059306
1.050,15.485694,14.205540,15.978547,15.352215,3.396994
1.060,15.514086,19.016291,16.004126,15.450565,2.557977
1.070,15.540054,12.921836,16.032176,15.427479,2.804998
1.080,15.563611,13.568228,16.067260,15.424676,3.508353
1.090,15.584776,16.113242,16.079419,15.450363,1.215856
1.100,15.603565,16.579703,16.106505,15.499494,2.708652
1.110,15.619998,16.860855,16.129671,15.549424,2.316567
1.120,15.634093,17.912188,16.143853,15.610578,1.418257
1.130,15.645869,16.142316,16.148913,15.626171,0.505931
1.140,15.655348,16.878808,16.163830,15.665843,1.491749
1.150,15.662550,15.014527,16.171669,15.660498,0.783854
1.160,15.667497,15.824243,16.183361,15.675231,1.169192
1.170,15.670211,15.939047,16.191145,15.688136,0.778399
1.180,15.670716,16.208461,16.209370,15.716403,1.822533
1.190,15.669034,17.600383,16.210692,15.755378,0.132206
1.200,15.665189,17.053054,16.203591,15.774373,-0.710077
1.210,15.659208,15.769750,16.203988,15.774670,0.039680
1.220,15.651115,13.628300,16.202612,15.730393,-0.137636
1.230,15.640935,15.810113,16.208276,15.737539,0.566447
1.240,15.628697,15.558652,16.207702,15.733399,-0.057402
1.250,15.614425,16.097379,16.201284,15.734388,-0.641847
1.260,15.598150,21.114463,16.201726,15.842423,0.044235
1.270,15.579897,14.270465,16.178990,15.788702,-2.273639
1.280,15.559697,16.615420,16.158712,15.785365,-2.027758
1.290,15.537578,18.208733,16.134236,15.809846,-2.447604
1.300,15.513570,15.758575,16.112180,15.787205,-2.205586
1.310,15.487703,21.332316,16.080386,15.866949,-3.179443
1.320,15.460008,14.514910,16.062873,15.822746,-1.751246
1.330,15.430516,16.240739,16.036720,15.805476,-2.615288
1.340,15.399258,13.402244,15.998829,15.720278,-3.789126
1.350,15.366267,14.487455,15.962862,15.660374,-3.596702
1.360,15.331573,15.953908,15.935843,15.639766,-2.701931
1.370,15.295212,17.410972,15.911368,15.651205,-2.447452
1.380,15.257214,16.054951,15.894544,15.642792,-1.682449
1.390,15.217615,18.365402,15.883471,15.686393,-1.107258
1.400,15.176447,14.939034,15.850852,15.639479,-3.261934
1.410,15.133746,14.303324,15.805484,15.568295,-4.536772
1.420,15.089545,21.849507,15.749494,15.639049,-5.598992
1.430,15.043879,16.029473,15.711255,15.609384,-3.823905
1.440,14.996783,13.198079,15.662959,15.513827,-4.829621
1.450,14.948293,13.212634,15.616467,15.422241,-4.649197
1.460,14.898445,12.541745,15.567060,15.316213,-4.940655
1.470,14.847274,17.188697,15.520120,15.307661,-4.694076
1.480,14.794816,13.883873,15.481565,15.241401,-3.855501
1.490,14.741108,15.059514,15.434506,15.191646,-4.705845
1.500,14.686186,14.527415,15.383727,15.128598,-5.077926
1.510,14.630088,16.458819,15.324773,15.097427,-5.895395
1.520,14.572849,12.455989,15.259585,14.980714,-6.518774
1.530,14.514507,11.825576,15.202820,14.861982,-5.676518
1.540,14.455099,15.015843,15.148468,14.811794,-5.435216
1.550,14.394663,15.897062,15.107680,14.793527,-4.078828
1.560,14.333236,15.164567,15.052818,14.747183,-5.486187
1.570,14.270855,12.247221,15.003841,14.649186,-4.897695
1.580,14.207558,15.901270,14.942110,14.613732,-6.173041
1.590,14.143383,12.283731,14.874035,14.500418,-6.807511
1.600,14.078367,12.774521,14.806897,14.400105,-6.713830
1.610,14.012548,11.652665,14.740894,14.280473,-6.600325
1.620,13.945964,17.198860,14.696974,14.295799,-4.392004
1.630,13.878653,15.462207,14.628746,14.252264,-6.822752
1.640,13.810651,15.323135,14.573127,14.219175,-5.561945
1.650,13.741998,16.860027,14.502943,14.203211,-7.018407
1.660,13.672730,20.704353,14.446839,14.278252,-5.610378
1.670,13.602885,9.329820,14.385804,14.119470,-6.103494
1.680,13.532501,11.686560,14.319915,14.006241,-6.588841
1.690,13.461615,11.921177,14.254471,13.900403,-6.544486
1.700,13.390264,11.263214,14.183667,13.778272,-7.080330
1.710,13.318485,10.624527,14.121262,13.654040,-6.240561
1.720,13.246315,12.497182,14.051275,13.562316,-6.998633
1.730,13.173792,10.132282,13.974789,13.418758,-7.648684
1.740,13.100951,13.938557,13.897584,13.353494,-7.720447
1.750,13.027830,13.157076,13.831721,13.285020,-6.586288
1.760,12.954464,14.157036,13.776884,13.248720,-5.483732
1.770,12.880890,14.150211,13.710503,13.201697,-6.638066
1.780,12.807143,14.314660,13.641739,13.156567,-6.876456
1.790,12.733259,11.799736,13.576090,13.065095,-6.564829
1.800,12.659273,17.962132,13.518519,13.106616,-5.757117
1.810,12.585220,13.171298,13.452206,13.042922,-6.631355
1.820,12.511136,7.854924,13.380835,12.869219,-7.137089
1.830,12.437053,9.931114,13.321621,12.752427,-5.921377
1.840,12.363008,8.011750,13.257040,12.594324,-6.458071
1.850,12.289032,12.332369,13.201402,12.534560,-5.563782
1.860,12.215160,11.910647,13.135065,12.457071,-6.633788
1.870,12.141424,10.970360,13.057618,12.351439,-7.744653
1.880,12.067858,17.095174,12.979207,12.369471,-7.841061
1.890,11.994494,13.366951,12.925167,12.336461,-5.404039
1.900,11.921363,13.736609,12.871958,12.312319,-5.320930
1.910,11.848497,9.520813,12.803803,12.189698,-6.815434
1.920,11.775926,9.278064,12.734331,12.063382,-6.947244
1.930,11.703683,11.795696,12.679957,12.004742,-5.437378
1.940,11.631796,12.064314,12.605407,11.932874,-7.455019
1.950,11.560295,6.919516,12.532956,11.761605,-7.245069
1.960,11.489210,11.038442,12.473240,11.688620,-5.971636
1.970,11.418569,11.453749,12.405678,11.617713,-6.756145
1.980,11.348401,10.810528,12.341719,11.538889,-6.395928
1.990,11.278732,9.245256,12.277007,11.429598,-6.471210
2.000,11.209592,9.860754,12.216844,11.339261,-6.016331
2.010,11.141005,10.698857,12.165807,11.276437,-5.103704
2.020,11.072998,11.299998,12.104827,11.217148,-6.097938
2.030,11.005597,12.517575,12.048893,11.188341,-5.593445
2.040,10.938826,13.640966,11.972048,11.162086,-7.684456
2.050,10.872710,10.136841,11.911882,11.082618,-6.016604
2.060,10.807273,9.666883,11.846051,10.989789,-6.583171
2.070,10.742538,11.836678,11.777928,10.939966,-6.812304
2.080,10.678528,12.205641,11.713265,10.901910,-6.466210
2.090,10.615265,9.529764,11.653713,10.816106,-5.955251
2.100,10.552769,12.528753,11.604939,10.802561,-4.877386
2.110,10.491062,12.940026,11.539026,10.780715,-6.591335
2.120,10.430165,13.659381,11.484787,10.785134,-5.423847
2.130,10.370095,14.815898,11.427268,10.809381,-5.751903
2.140,10.310873,8.144833,11.371858,10.701788,-5.541071
2.150,10.252517,10.287262,11.327964,10.650482,-4.389308
2.160,10.195043,10.223237,11.281246,10.596152,-4.671886
2.170,10.138469,9.893285,11.241829,10.543467,-3.941674
2.180,10.082811,8.459654,11.191401,10.452371,-5.042830
2.190,10.028085,6.314180,11.137580,10.316862,-5.382099
2.200,9.974304,10.206003,11.088488,10.266536,-4.909109
2.210,9.921484,8.000595,11.044095,10.177712,-4.439327
2.220,9.869638,10.084622,11.000155,10.132788,-4.394066
2.230,9.818778,7.833669,10.947119,10.034830,-5.303602
2.240,9.768916,7.019770,10.904485,9.932749,-4.263305
2.250,9.720064,10.305810,10.863969,9.900504,-4.051631
2.260,9.672232,10.049536,10.842792,9.882731,-2.117733
2.270,9.625430,11.073635,10.817524,9.881786,-2.526790
2.280,9.579666,15.044326,10.771459,9.939893,-4.606541
2.290,9.534951,10.228175,10.730971,9.905981,-4.048735
2.300,9.491290,10.703994,10.682134,9.874081,-4.883737
2.310,9.448691,6.754788,10.641343,9.771720,-4.079051
2.320,9.407160,6.189892,10.608874,9.668264,-3.246924
2.330,9.366703,13.323776,10.584603,9.717588,-2.427143
2.340,9.327324,7.018624,10.545932,9.625711,-3.867080
2.350,9.289027,6.679166,10.508944,9.530533,-3.698759
2.360,9.251815,9.154068,10.461098,9.476114,-4.784618
2.370,9.215691,8.990210,10.430218,9.436133,-3.088057
2.380,9.180656,6.924390,10.393229,9.349649,-3.698857
2.390,9.146712,8.384279,10.361595,9.299340,-3.163418
2.400,9.113859,12.187298,10.328272,9.324443,-3.332309
2.410,9.082096,7.067112,10.302299,9.253843,-2.597272
2.420,9.051422,5.567241,10.264106,9.142682,-3.819247
2.430,9.021835,11.378319,10.229325,9.153309,-3.478137
2.440,8.993332,10.224074,10.224397,9.169895,-0.492849
2.450,8.965910,7.414613,10.193214,9.104230,-3.118311
2.460,8.939564,4.984147,10.164630,8.993816,-2.858383
2.470,8.914291,7.052732,10.160584,8.951030,-0.404532
2.480,8.890083,8.753322,10.166147,8.952527,0.556282
2.490,8.866935,11.781115,10.140153,8.983625,-2.599405
2.500,8.844840,6.253385,10.121634,8.910872,-1.851875
2.510,8.823790,8.612490,10.109835,8.893340,-1.179970
2.520,8.803776,10.491637,10.110164,8.925629,0.032919
2.530,8.784789,2.831621,10.089791,8.783783,-2.037306
2.540,8.766819,11.351285,10.076362,8.821973,-1.342850
2.550,8.749856,5.793730,10.072116,8.757247,-0.424661
2.560,8.733889,9.563877,10.066118,8.767501,-0.599785
2.570,8.718904,9.335612,10.054610,8.767586,-1.150823
2.580,8.704891,11.416357,10.046004,8.812127,-0.860557
2.590,8.691834,10.069145,10.028420,8.820036,-1.758383
2.600,8.679721,2.736495,10.020866,8.690962,-0.755407
2.610,8.668537,6.706589,10.014007,8.644553,-0.685880
2.620,8.658266,9.003779,10.012042,8.649812,-0.196500
2.630,8.648892,8.161443,10.004666,8.632816,-0.737592
2.640,8.640399,9.834426,10.006378,8.658525,0.171114
2.650,8.632770,10.606186,10.013273,8.704235,0.689515
2.660,8.625986,10.147116,10.014146,8.733949,0.087329
2.670,8.620030,8.084342,10.017408,8.724153,0.326155
2.680,8.614881,3.999039,10.019079,8.631288,0.167103
2.690,8.610521,7.471818,10.021103,8.610083,0.202477
2.700,8.606929,9.647850,10.018113,8.627908,-0.299059
2.710,8.604085,5.877967,10.024163,8.578838,0.605048
2.720,8.601967,10.180153,10.027618,8.614251,0.345520
2.730,8.600552,10.871535,10.049290,8.680635,2.167159
2.740,8.599819,8.916986,10.067473,8.703181,1.818305
2.750,8.599744,0.940295,10.076803,8.557066,0.932964
2.760,8.600305,5.405084,10.077564,8.494773,0.076125
2.770,8.601476,13.316949,10.076129,8.589810,-0.143507
2.780,8.603233,7.236889,10.093696,8.579967,1.756704
2.790,8.605552,3.645194,10.104384,8.491746,1.068825
2.800,8.608406,11.696524,10.117334,8.568533,1.294997
2.810,8.611769,8.645158,10.112983,8.565801,-0.435156
2.820,8.615616,11.377967,10.130477,8.639188,1.749424
2.830,8.619919,9.312315,10.144629,8.666520,1.415255
2.840,8.624650,9.771048,10.146678,8.690619,0.204864
2.850,8.629783,9.537306,10.154225,8.714948,0.754679
2.860,8.635288,10.379009,10.168012,8.761741,1.378725
2.870,8.641138,14.334714,10.180439,8.885379,1.242700
2.880,8.647303,11.074819,10.190410,8.938939,0.997050
2.890,8.653754,4.702905,10.202161,8.865734,1.175106
2.900,8.660461,9.777115,10.212965,8.894550,1.080440
2.910,8.667394,11.521096,10.227217,8.961048,1.425177
2.920,8.674523,11.681275,10.252201,9.039936,2.498376
2.930,8.681818,7.615305,10.245029,9.004416,-0.717170
2.940,8.689246,11.601608,10.256614,9.067713,1.158540
2.950,8.696778,11.016134,10.271594,9.121361,1.497956
2.960,8.704381,15.135675,10.287585,9.257319,1.599103
2.970,8.712024,6.837020,10.298256,9.219371,1.067148
2.980,8.719675,7.451174,10.297841,9.183600,-0.041539
2.990,8.727301,7.962003,10.314063,9.175065,1.622159
3.000,8.734870,7.509315,10.341406,9.168546,2.734313
3.010,8.742350,6.517298,10.342553,9.116646,0.114739
3.020,8.749707,1.843018,10.362743,8.990959,2.018995
3.030,8.756908,7.670160,10.373222,8.974813,1.047909
3.040,8.763921,9.687317,10.385634,9.001226,1.241145
3.050,8.770712,7.537658,10.389874,8.976110,0.424025
3.060,8.777248,13.615701,10.399590,9.078424,0.971573
3.070,8.783495,8.816935,10.422076,9.095230,2.248612
3.080,8.789420,12.016992,10.438483,9.169745,1.640775
3.090,8.794988,9.448539,10.463715,9.200048,2.523203
3.100,8.800167,10.866185,10.484102,9.253349,2.038610
3.110,8.804922,9.503026,10.498140,9.272101,1.403897
3.120,8.809219,12.231181,10.522144,9.354806,2.400341
3.130,8.813026,8.952874,10.535200,9.359562,1.305570
3.140,8.816307,10.056609,10.550825,9.388816,1.562567
3.150,8.819029,9.734862,10.556879,9.401669,0.605343
3.160,8.821159,8.100445,10.565228,9.383827,0.834884
3.170,8.822662,9.835118,10.566821,9.394415,0.159387
3.180,8.823505,14.409471,10.581234,9.508841,1.441310
3.190,8.823655,8.147663,10.577594,9.478049,-0.364036
3.200,8.823078,9.871740,10.588895,9.496998,1.130109
3.210,8.821740,11.966187,10.591635,9.549067,0.273999
3.220,8.819608,11.670241,10.604460,9.604059,1.282491
3.230,8.816649,8.845941,10.613079,9.597343,0.861860
3.240,8.812831,2.854360,10.629379,9.478458,1.630068
3.250,8.808121,10.099878,10.636052,9.497426,0.667290
3.260,8.802485,3.253799,10.623361,9.360116,-1.269092
3.270,8.795891,12.470734,10.621738,9.420737,-0.162378
3.280,8.788308,9.211993,10.610268,9.405322,-1.146981
3.290,8.779704,11.278889,10.602990,9.435661,-0.727740
3.300,8.770046,6.514768,10.610880,9.384976,0.788973
3.310,8.759304,4.878035,10.610680,9.294641,-0.020004
3.320,8.747445,9.399331,10.598657,9.284952,-1.202296
3.330,8.734441,8.650432,10.582954,9.256873,-1.570314
3.340,8.720259,7.491407,10.574431,9.213210,-0.852340
3.350,8.704869,8.916522,10.554690,9.187931,-1.974043
3.360,8.688243,15.606832,10.538061,9.300012,-1.662906
3.370,8.670349,10.756663,10.528016,9.319301,-1.004519
3.380,8.651160,11.274907,10.523407,9.353896,-0.460907
3.390,8.630646,10.740488,10.513086,9.371514,-1.032034
3.400,8.608779,12.307435,10.478199,9.396043,-3.488780
3.410,8.585531,8.110352,10.462681,9.355122,-1.551736
3.420,8.560875,3.423971,10.443883,9.218077,-1.879818
3.430,8.534782,8.063317,10.426371,9.177819,-1.751238
3.440,8.507228,10.536567,10.417001,9.195812,-0.936932
3.450,8.478184,6.053683,10.376695,9.093470,-4.030637
3.460,8.447627,8.006712,10.346639,9.042279,-3.005626
3.470,8.415530,6.686105,10.324487,8.973447,-2.215216
3.480,8.381868,12.136941,10.283378,8.996430,-4.110865
3.490,8.346618,10.220260,10.265129,9.003023,-1.824876
3.500,8.309755,9.938607,10.236396,8.993576,-2.873342
3.510,8.271257,9.825260,10.209841,8.984186,-2.655444
3.520,8.231101,8.137978,10.170278,8.928489,-3.956387
3.530,8.189265,8.683155,10.140100,8.894009,-3.017721
3.540,8.145726,5.182765,10.110249,8.790529,-2.985178
3.550,8.100465,2.634361,10.071979,8.629902,-3.826940
3.560,8.053462,8.428664,10.031969,8.586667,-4.001014
3.570,8.004695,8.814670,9.990474,8.550562,-4.149496
3.580,7.954146,10.977308,9.938118,8.547789,-5.235565
3.590,7.901797,11.830137,9.889680,8.565966,-4.843850
3.600,7.847630,11.772626,9.839374,8.580800,-5.030539
3.610,7.791627,5.296568,9.791513,8.468211,-4.786190
3.620,7.733771,6.853109,9.746722,8.392014,-4.479057
3.630,7.674048,8.874884,9.683589,8.339801,-6.313315
3.640,7.612442,13.942203,9.626033,8.395444,-5.755556
3.650,7.548937,11.249185,9.579425,8.406843,-4.660870
3.660,7.483521,10.282014,9.513097,8.379345,-6.632746
3.670,7.416180,6.446710,9.444209,8.273182,-6.888801
3.680,7.346901,5.138902,9.381574,8.149114,-6.263497
3.690,7.275673,9.247943,9.322121,8.112827,-5.945318
3.700,7.202484,4.450831,9.254039,7.972866,-6.808240
3.710,7.127325,6.531234,9.194521,7.885706,-5.951766
3.720,7.050186,6.763241,9.129241,7.799283,-6.527979
3.730,6.971057,10.953337,9.061848,7.796319,-6.739289
3.740,6.889931,6.003188,8.990153,7.690194,-7.169559
3.750,6.806800,0.708676,8.930637,7.492239,-5.951539
3.760,6.721658,7.982769,8.848845,7.421893,-8.179226
3.770,6.634498,4.886943,8.750646,7.274959,-9.819899
3.780,6.545316,6.651894,8.679285,7.192564,-7.136137
3.790,6.454107,6.237346,8.589399,7.085371,-8.988555
3.800,6.360868,5.676608,8.502006,6.971551,-8.739264
3.810,6.265596,8.241447,8.422193,6.918732,-7.981343
3.820,6.168288,2.336126,8.317049,6.724039,-10.514368
3.830,6.068945,4.776409,8.212674,6.582799,-10.437539
3.840,5.967564,7.677659,8.103465,6.497671,-10.920911
3.850,5.864147,4.328935,7.998677,6.351604,-10.478790
3.860,5.758694,1.736678,7.901725,6.164293,-9.695212
3.870,5.651209,7.322597,7.803417,6.091117,-9.830778
3.880,5.541692,8.349428,7.701097,6.036010,-10.232004
3.890,5.430148,5.317660,7.583240,5.906142,-11.785738
3.900,5.316581,0.414467,7.456183,5.671794,-12.705639
3.910,5.200997,6.965921,7.346028,5.589724,-11.015552
3.920,5.083401,0.933681,7.229655,5.382557,-11.637303
3.930,4.963799,5.735797,7.118730,5.280916,-11.092508
3.940,4.842200,2.623541,7.007752,5.119010,-11.097796
3.950,4.718612,1.819014,6.890279,4.937887,-11.747237
3.960,4.593044,3.488269,6.775807,4.796711,-11.447242
3.970,4.465505,4.007261,6.655122,4.662652,-12.068466
3.980,4.336007,2.725486,6.534891,4.506081,-12.023160
3.990,4.204561,5.676319,6.402839,4.400076,-13.205136
4.000,4.071179,2.956006,6.273059,4.244010,-12.978002
4.010,3.935875,6.386352,6.144375,4.160746,-12.868459
4.020,3.798661,4.501594,6.018779,4.044479,-12.559597
4.030,3.659554,1.915661,5.881582,3.867450,-13.719647
4.040,3.518568,1.353719,5.749834,3.688062,-13.174771
4.050,3.375720,-0.743021,5.609937,3.462341,-13.989766
4.060,3.231027,3.957859,5.469389,3.334515,-14.054780
4.070,3.084505,2.198036,5.334599,3.179691,-13.478967
4.080,2.936175,-2.994314,5.175430,2.900225,-15.916975
4.090,2.786055,1.446768,5.020053,2.718886,-15.537682
4.100,2.634165,0.381580,4.861431,2.516691,-15.862188
4.110,2.480526,6.419720,4.694259,2.430923,-16.717150
4.120,2.325160,-1.931787,4.538614,2.191137,-15.564496
4.130,2.168088,-1.435289,4.392697,1.975610,-14.591699
4.140,2.009335,4.784259,4.236836,1.879038,-15.586178
4.150,1.848923,5.240831,4.083189,1.795700,-15.364654
4.160,1.686877,-0.175580,3.935053,1.611101,-14.813646
4.170,1.523222,-0.056992,3.787228,1.432871,-14.782453
4.180,1.357985,2.898573,3.626659,1.304828,-16.056872
4.190,1.191191,-4.626558,3.475930,1.038485,-15.072962
4.200,1.022868,-3.630116,3.313593,0.786023,-16.233639
4.210,0.853044,0.151211,3.142334,0.605493,-17.125943
4.220,0.681748,4.556474,2.971561,0.517155,-17.077334
4.230,0.509008,-0.580317,2.792270,0.319500,-17.929074
4.240,0.334855,0.587197,2.616320,0.152424,-17.594959
4.250,0.159319,2.993792,2.443244,0.039637,-17.307586
4.260,-0.017568,5.249643,2.278126,-0.017979,-16.511874
4.270,-0.195776,-1.637897,2.119041,-0.206281,-15.908483
4.280,-0.375270,-0.417362,1.933862,-0.391978,-18.517929
4.290,-0.556019,3.999119,1.761645,-0.472929,-17.221674
4.300,-0.737989,-4.543487,1.576758,-0.735530,-18.488732
4.310,-0.921145,1.647807,1.402823,-0.858319,-17.393452
4.320,-1.105453,-3.651242,1.222908,-1.090494,-17.991486
4.330,-1.290878,-1.034697,1.028296,-1.280097,-19.461188
4.340,-1.477383,-2.083930,0.854696,-1.466303,-17.360059
4.350,-1.664932,-4.059961,0.667803,-1.701331,-18.689262
4.360,-1.853488,-4.311243,0.480491,-1.937095,-18.731229
4.370,-2.043014,-1.351978,0.287941,-2.114091,-19.254988
4.380,-2.233472,0.255377,0.097802,-2.253038,-19.013873
4.390,-2.424823,-2.749163,-0.084553,-2.441669,-18.235527
4.400,-2.617028,-2.441746,-0.272680,-2.626035,-18.812716
4.410,-2.810049,-1.382114,-0.457459,-2.782240,-18.477915
4.420,-3.003845,-5.432892,-0.642728,-3.016816,-18.526829
4.430,-3.198377,-1.349145,-0.821041,-3.158209,-17.831315
4.440,-3.393602,-1.345244,-1.013336,-3.310399,-19.229466
4.450,-3.589481,2.919584,-1.215335,-3.383759,-20.199991
4.460,-3.785972,-4.726233,-1.397574,-3.589202,-18.223831
4.470,-3.983033,-5.128238,-1.591551,-3.810080,-19.397705
4.480,-4.180623,-2.258208,-1.774466,-3.958300,-18.291509
4.490,-4.378697,-2.330937,-1.963695,-4.111197,-18.922882
4.500,-4.577214,-5.914932,-2.157461,-4.337162,-19.376591
4.510,-4.776131,-5.784037,-2.347765,-4.552598,-19.030426
4.520,-4.975403,-3.622576,-2.525585,-4.708261,-17.782039
4.530,-5.174988,-7.243948,-2.702688,-4.932536,-17.710278
4.540,-5.374840,-6.401175,-2.896098,-5.151450,-19.340953
4.550,-5.574917,-5.350935,-3.088982,-5.344466,-19.288459
4.560,-5.775173,-3.285326,-3.274695,-5.485282,-18.571309
4.570,-5.975563,-7.487059,-3.475896,-5.722494,-20.120032
4.580,-6.176043,-10.782004,-3.667733,-6.011685,-19.183742
4.590,-6.376567,-11.168061,-3.862464,-6.305649,-19.473058
4.600,-6.577090,-9.725623,-4.054452,-6.562197,-19.198867
4.610,-6.777567,-10.060486,-4.255550,-6.829238,-20.109757
4.620,-6.977951,-7.364478,-4.462582,-7.042835,-20.703212
4.630,-7.178198,-10.150398,-4.673320,-7.311510,-21.073856
4.640,-7.378261,-9.135148,-4.876207,-7.546812,-20.288693
4.650,-7.578094,-9.513308,-5.073572,-7.779559,-19.736438
4.660,-7.777651,-8.878920,-5.269313,-7.993373,-19.574151
4.670,-7.976886,-4.670625,-5.446866,-8.100920,-17.755296
4.680,-8.175752,-6.520883,-5.630678,-8.249454,-18.381148
4.690,-8.374204,-8.333881,-5.830596,-8.447063,-19.991854
4.700,-8.572196,-9.724762,-6.019553,-8.657794,-18.895627
4.710,-8.769680,-9.852762,-6.214017,-8.872268,-19.446445
4.720,-8.966611,-8.147245,-6.406923,-9.046816,-19.290640
4.730,-9.162943,-7.702521,-6.595450,-9.204686,-18.852638
4.740,-9.358629,-11.627673,-6.779837,-9.433845,-18.438699
4.750,-9.553624,-9.462422,-6.971176,-9.621930,-19.133975
4.760,-9.747881,-14.826930,-7.150531,-9.901797,-17.935424
4.770,-9.941354,-9.412070,-7.346725,-10.084272,-19.619407
4.780,-10.133998,-8.228625,-7.532880,-10.229592,-18.615564
4.790,-10.325767,-11.025938,-7.697408,-10.406756,-16.452716
4.800,-10.516615,-5.975298,-7.879988,-10.497055,-18.258067
4.810,-10.706497,-12.909594,-8.051899,-10.713779,-17.191109
4.820,-10.895369,-10.351768,-8.233510,-10.884518,-18.161106
4.830,-11.083184,-11.172746,-8.410129,-11.063368,-17.661854
4.840,-11.269898,-11.520642,-8.590725,-11.249498,-18.059591
4.850,-11.455467,-11.741273,-8.771062,-11.436064,-18.033737
4.860,-11.639846,-11.372084,-8.955060,-11.615103,-18.399826
4.870,-11.822992,-9.703095,-9.128125,-11.746466,-17.306438
4.880,-12.004860,-8.560519,-9.310145,-11.861126,-18.201986
4.890,-12.185407,-12.191033,-9.478685,-12.032894,-16.854032
4.900,-12.364590,-10.326300,-9.642482,-12.159283,-16.379714
4.910,-12.542366,-14.296783,-9.810601,-12.366790,-16.811894
4.920,-12.718692,-10.803804,-9.982472,-12.503963,-17.187060
4.930,-12.893527,-14.798506,-10.146908,-12.711002,-16.443632
4.940,-13.066828,-10.340179,-10.315891,-12.829189,-16.898326
4.950,-13.238555,-7.711953,-10.473325,-12.881129,-15.743411
4.960,-13.408665,-13.713875,-10.651259,-13.072159,-17.793354
4.970,-13.577119,-19.058478,-10.815550,-13.352890,-16.429056
4.980,-13.743877,-15.114059,-10.991365,-13.560413,-17.581564
4.990,-13.908898,-10.829210,-11.161459,-13.672481,-17.009357
5.000,-14.072143,-12.689451,-11.306886,-13.795339,-14.542706
5.010,-14.233574,-13.611290,-11.454229,-13.936054,-14.734278
5.020,-14.393151,-11.871481,-11.612617,-14.049983,-15.838830
5.030,-14.550839,-13.339705,-11.775360,-14.195265,-16.274311
5.040,-14.706598,-11.662285,-11.947853,-14.313649,-17.249286
5.050,-14.860392,-12.561833,-12.098994,-14.426731,-15.114159
5.060,-15.012185,-11.207934,-12.224406,-14.485258,-12.541130
5.070,-15.161941,-14.264951,-12.363647,-14.617308,-13.924110
5.080,-15.309625,-13.046477,-12.508754,-14.728097,-14.510742
5.090,-15.455203,-16.223020,-12.643541,-14.890086,-13.478656
5.100,-15.598640,-17.102292,-12.792378,-15.080191,-14.883753
5.110,-15.739903,-11.472983,-12.928916,-15.141854,-13.653799
5.120,-15.878958,-15.338447,-13.060057,-15.274304,-13.114064
5.130,-16.015775,-14.003574,-13.190427,-15.376652,-13.037046
5.140,-16.150322,-15.840972,-13.311497,-15.504587,-12.106917
5.150,-16.282567,-17.748856,-13.433818,-15.669347,-12.232184
5.160,-16.412480,-16.385023,-13.551204,-15.798699,-11.738586
5.170,-16.540032,-12.950047,-13.677068,-15.865072,-12.586366
5.180,-16.665193,-15.277093,-13.787838,-15.961867,-11.076981
5.190,-16.787936,-21.066619,-13.890326,-16.164401,-10.248861
5.200,-16.908233,-17.446345,-14.011148,-16.308445,-12.082190
5.210,-17.026058,-12.570323,-14.128825,-16.349006,-11.767640
5.220,-17.141383,-17.675875,-14.226202,-16.470973,-9.737694
5.230,-17.254184,-21.755381,-14.333259,-16.681577,-10.705733
5.240,-17.364436,-12.631814,-14.424994,-16.690482,-9.173508
5.250,-17.472115,-15.766134,-14.528915,-16.773838,-10.392148
5.260,-17.577199,-17.752231,-14.615049,-16.877817,-8.613358
5.270,-17.679663,-18.608208,-14.709142,-17.004636,-9.409280
5.280,-17.779488,-15.073608,-14.799570,-17.054635,-9.042833
5.290,-17.876652,-19.231610,-14.876876,-17.173934,-7.730541
5.300,-17.971134,-15.100493,-14.966902,-17.220691,-9.002662
5.310,-18.062917,-16.707428,-15.058854,-17.300539,-9.195183
5.320,-18.151980,-17.540275,-15.144138,-17.388911,-8.528365
5.330,-18.238307,-17.874520,-15.219469,-17.472448,-7.533145
5.340,-18.321880,-18.759300,-15.308184,-17.585126,-8.871467
5.350,-18.402684,-15.788584,-15.376495,-17.616140,-6.831162
5.360,-18.480703,-20.644060,-15.451425,-17.750129,-7.492947
5.370,-18.555923,-22.610735,-15.510056,-17.904800,-5.863068
5.380,-18.628329,-17.092229,-15.594204,-17.971013,-8.414792
5.390,-18.697910,-17.119814,-15.662658,-18.021075,-6.845464
5.400,-18.764654,-17.564051,-15.735469,-18.083289,-7.281058
5.410,-18.828548,-17.809227,-15.798543,-18.139621,-6.307469
5.420,-18.889583,-19.690934,-15.850163,-18.221234,-5.161967
5.430,-18.947750,-16.979043,-15.902325,-18.247509,-5.216194
5.440,-19.003039,-19.116935,-15.952199,-18.313774,-4.987411
5.450,-19.055444,-20.273228,-15.998431,-18.398271,-4.623220
5.460,-19.104957,-19.884685,-16.038868,-18.467627,-4.043679
5.470,-19.151572,-14.099973,-16.086100,-18.426561,-4.723174
5.480,-19.195284,-23.532724,-16.116703,-18.558676,-3.060345
5.490,-19.236088,-17.986618,-16.144751,-18.574722,-2.804782
5.500,-19.273982,-23.471758,-16.172108,-18.699472,-2.735671
5.510,-19.308962,-19.579546,-16.195178,-18.739682,-2.307042
5.520,-19.341028,-20.425096,-16.217414,-18.795182,-2.223569
5.530,-19.370177,-24.582747,-16.222824,-18.916235,-0.541034
5.540,-19.396409,-18.423815,-16.242296,-18.925469,-1.947195
5.550,-19.419727,-20.369822,-16.260614,-18.972307,-1.831739
5.560,-19.440131,-24.688147,-16.279590,-19.105221,-1.897657
5.570,-19.457624,-17.358703,-16.297887,-19.088222,-1.829703
5.580,-19.472209,-15.884693,-16.314976,-19.040899,-1.708909
5.590,-19.483890,-15.758579,-16.326319,-18.986368,-1.134275
5.600,-19.492673,-18.595282,-16.328221,-18.980411,-0.190237
5.610,-19.498564,-19.383419,-16.323995,-18.984329,0.422653
5.620,-19.501569,-16.181178,-16.319152,-18.923519,0.484321
5.630,-19.501696,-15.295737,-16.317968,-18.849804,0.118366
5.640,-19.498953,-16.665031,-16.300594,-18.789081,1.737442
5.650,-19.493350,-21.847194,-16.281650,-18.831679,1.894356
5.660,-19.484897,-18.981535,-16.267054,-18.820372,1.459587
5.670,-19.473604,-18.374814,-16.253571,-18.798247,1.348317
5.680,-19.459484,-23.983526,-16.227656,-18.876556,2.591522
5.690,-19.442548,-18.269147,-16.201816,-18.839085,2.583991
5.700,-19.422811,-13.740332,-16.186270,-18.721875,1.554566
5.710,-19.400287,-17.800447,-16.156903,-18.674667,2.936681
5.720,-19.374990,-15.691457,-16.122132,-18.580927,3.477156
5.730,-19.346936,-18.889650,-16.093906,-18.559439,2.822618
5.740,-19.316143,-19.499188,-16.054232,-18.539354,3.967401
5.750,-19.282626,-18.329447,-16.025001,-18.506510,2.923051
5.760,-19.246404,-21.285971,-15.970747,-18.508930,5.425394
5.770,-19.207497,-21.616935,-15.914523,-18.515991,5.622419
5.780,-19.165923,-16.000162,-15.867646,-18.419735,4.687661
5.790,-19.121704,-15.690848,-15.813207,-18.311806,5.443982
5.800,-19.074859,-21.552625,-15.778340,-18.342453,3.486680
5.810,-19.025411,-16.605414,-15.730853,-18.261175,4.748721
5.820,-18.973383,-19.190783,-15.673896,-18.223949,5.695669
5.830,-18.918797,-18.069276,-15.620621,-18.168646,5.327519
5.840,-18.861678,-17.711132,-15.550532,-18.090809,7.008847
5.850,-18.802051,-16.316175,-15.467685,-17.974126,8.284773
5.860,-18.739940,-18.533144,-15.407758,-17.926578,5.992686
5.870,-18.675371,-15.149966,-15.342674,-17.807263,6.508416
5.880,-18.608372,-17.834840,-15.266589,-17.733252,7.608458
5.890,-18.538969,-16.978509,-15.177110,-17.630467,8.947942
5.900,-18.467191,-20.550347,-15.107937,-17.621075,6.917275
5.910,-18.393066,-12.996418,-15.024660,-17.446971,8.327642
5.920,-18.316623,-17.142060,-14.926503,-17.344679,9.815742
5.930,-18.237892,-16.455398,-14.853857,-17.255700,7.264577
5.940,-18.156903,-22.177368,-14.776004,-17.277837,7.785344
5.950,-18.073688,-20.130443,-14.689080,-17.249704,8.692404
5.960,-17.988277,-14.893568,-14.600752,-17.116021,8.832728
5.970,-17.900704,-17.183476,-14.499613,-17.018253,10.113955
5.980,-17.811000,-22.595449,-14.400927,-17.033085,9.868586
5.990,-17.719199,-15.123474,-14.316294,-16.911952,8.463333
6.000,-17.625334,-18.984791,-14.211291,-16.850506,10.500282
6.010,-17.529439,-14.001147,-14.113020,-16.697213,9.827131
6.020,-17.431550,-17.651140,-13.997955,-16.603528,11.506439
6.030,-17.331702,-16.819935,-13.896165,-16.508102,10.178991
6.040,-17.229929,-14.282543,-13.792542,-16.362040,10.362367
6.050,-17.126269,-19.370001,-13.677626,-16.309582,11.491534
6.060,-17.020757,-19.502874,-13.559104,-16.257296,11.852270
6.070,-16.913430,-17.404676,-13.441304,-16.164799,11.779996
6.080,-16.804326,-14.736394,-13.338815,-16.035792,10.248876
6.090,-16.693483,-20.020676,-13.216817,-15.995932,12.199828
6.100,-16.580938,-20.751025,-13.105715,-15.982154,11.110174
6.110,-16.466731,-14.407428,-12.982813,-15.830215,12.290199
6.120,-16.350899,-17.858345,-12.871578,-15.761768,11.123452
6.130,-16.233482,-17.214047,-12.743818,-15.665608,12.776031
6.140,-16.114519,-20.756545,-12.624555,-15.650550,11.926267
6.150,-15.994051,-17.691499,-12.507615,-15.576767,11.694023
6.160,-15.872117,-15.891035,-12.373258,-15.451382,13.435754
6.170,-15.748757,-13.422812,-12.241272,-15.281465,13.198538
6.180,-15.624012,-17.552088,-12.114767,-15.202903,12.650497
6.190,-15.497923,-11.354483,-11.970417,-14.984472,14.434987
6.200,-15.370531,-17.081921,-11.839920,-14.898533,13.049775
6.210,-15.241877,-16.949607,-11.704399,-14.806744,13.552103
6.220,-15.112003,-11.268609,-11.565783,-14.600138,13.861517
6.230,-14.980950,-14.452299,-11.433119,-14.467170,13.266455
6.240,-14.848759,-16.228821,-11.290612,-14.362746,14.250715
6.250,-14.715474,-15.103306,-11.155067,-14.244724,13.554466
6.260,-14.581135,-11.198451,-11.017516,-14.048998,13.755130
6.270,-14.445785,-10.780278,-10.864780,-13.833943,15.273549
6.280,-14.309466,-16.351449,-10.730323,-13.752525,13.445732
6.290,-14.172221,-14.278305,-10.605938,-13.641143,12.438508
6.300,-14.034091,-13.808699,-10.448500,-13.490205,15.743772
6.310,-13.895120,-16.360721,-10.282735,-13.385165,16.576531
6.320,-13.755350,-13.894563,-10.139828,-13.255305,14.290653
6.330,-13.614823,-13.601516,-10.008439,-13.133467,13.138950
6.340,-13.473582,-10.623058,-9.863345,-12.941068,14.509339
6.350,-13.331668,-10.313106,-9.717407,-12.745489,14.593809
6.360,-13.189126,-14.012149,-9.570091,-12.626452,14.731669
6.370,-13.045996,-13.580879,-9.429596,-12.507855,14.049485
6.380,-12.902322,-11.241591,-9.275034,-12.331059,15.456205
6.390,-12.758145,-14.221116,-9.120431,-12.217350,15.460304
6.400,-12.613508,-11.141908,-8.981540,-12.059727,13.889108
6.410,-12.468452,-12.688219,-8.824702,-11.918597,15.683730
6.420,-12.323021,-14.746517,-8.656682,-11.810495,16.802078
6.430,-12.177254,-14.569346,-8.503393,-11.715449,15.328889
6.440,-12.031194,-8.413547,-8.353906,-11.502913,14.948703
6.450,-11.884883,-12.275936,-8.202625,-11.370119,15.128070
6.460,-11.738361,-7.637475,-8.045096,-11.141088,15.752877
6.470,-11.591669,-12.875760,-7.906186,-11.039649,13.891043
6.480,-11.444849,-10.716836,-7.752006,-10.882097,15.417934
6.490,-11.297941,-5.316249,-7.602198,-10.623968,14.980850
6.500,-11.150985,-13.794452,-7.434455,-10.522990,16.774263
6.510,-11.004021,-15.748557,-7.282901,-10.478977,15.155458
6.520,-10.857089,-7.640613,-7.116661,-10.259295,16.623939
6.530,-10.710228,-12.777251,-6.972686,-10.168559,14.397539
6.540,-10.563478,-10.615244,-6.815312,-10.023266,15.737343
6.550,-10.416877,-11.881673,-6.660250,-9.908474,15.506196
6.560,-10.270465,-9.600058,-6.514903,-9.759865,14.534748
6.570,-10.124278,-12.500618,-6.361429,-9.664275,15.347418
6.580,-9.978355,-10.428205,-6.199956,-9.521311,16.147275
6.590,-9.832733,-8.708194,-6.051093,-9.359163,14.886267
6.600,-9.687449,-12.208221,-5.913532,-9.281334,13.756094
6.610,-9.542539,-11.292749,-5.762969,-9.174011,15.056341
6.620,-9.398041,-10.266498,-5.619913,-9.055666,14.305587
6.630,-9.253989,-12.826027,-5.472841,-8.986942,14.707238
6.640,-9.110419,-10.166821,-5.324182,-8.864853,14.865922
6.650,-8.967365,-8.670374,-5.189049,-8.728533,13.513294
6.660,-8.824862,-9.823735,-5.053764,-8.617858,13.528504
6.670,-8.682944,-9.361386,-4.902298,-8.484293,15.146539
6.680,-8.541644,-8.591399,-4.759506,-8.346498,14.279256
6.690,-8.400996,-10.040354,-4.633716,-8.257102,12.578923
6.700,-8.261030,-6.533374,-4.481830,-8.073778,15.188675
6.710,-8.121780,-4.531834,-4.334773,-7.858824,14.705625
6.720,-7.983276,-9.144227,-4.196369,-7.748896,13.840462
6.730,-7.845548,-6.632553,-4.063580,-7.596436,13.278890
6.740,-7.708628,-8.307671,-3.914392,-7.464456,14.918808
6.750,-7.572545,-6.658827,-3.769947,-7.306787,14.444524
6.760,-7.437328,-3.522879,-3.610115,-7.074474,15.983140
6.770,-7.303004,-6.031355,-3.466891,-6.913252,14.322417
6.780,-7.169602,-11.603139,-3.324862,-6.867862,14.202891
6.790,-7.037149,-5.902160,-3.188232,-6.714650,13.662964
6.800,-6.905672,-3.823513,-3.044722,-6.516187,14.351085
6.810,-6.775196,-7.329187,-2.903758,-6.394303,14.096332
6.820,-6.645747,-4.156660,-2.758821,-6.207511,14.493751
6.830,-6.517349,-8.242638,-2.629131,-6.121118,12.968992
6.840,-6.390026,-10.103874,-2.499840,-6.074068,12.929043
6.850,-6.263801,-5.910879,-2.372009,-5.945530,12.783110
6.860,-6.138698,-10.529890,-2.235151,-5.903096,13.685831
6.870,-6.014738,-6.614165,-2.093786,-5.778779,14.136528
6.880,-5.891941,-2.674836,-1.969253,-5.594658,12.453306
6.890,-5.770330,-10.544737,-1.845642,-5.572521,12.361090
6.900,-5.649923,-8.848665,-1.717334,-5.512303,12.830752
6.910,-5.530740,-8.110821,-1.594738,-5.444129,12.259585
6.920,-5.412799,-5.571099,-1.463811,-5.318360,13.092734
6.930,-5.296118,-6.210410,-1.359783,-5.234253,10.402831
6.940,-5.180714,-1.682873,-1.245639,-5.051364,11.414389
6.950,-5.066603,-2.680732,-1.132442,-4.893018,11.319731
6.960,-4.953801,-3.715619,-1.032864,-4.771884,9.957776
6.970,-4.842322,-4.478246,-0.923763,-4.659092,10.910104
6.980,-4.732181,-3.749106,-0.815618,-4.534911,10.814477
6.990,-4.623390,-6.778346,-0.703118,-4.469529,11.250012
7.000,-4.515963,-2.372937,-0.581474,-4.308387,12.164345
7.010,-4.409911,-7.190021,-0.472076,-4.258809,10.939858
7.020,-4.305245,-2.216802,-0.370355,-4.118282,10.172122
7.030,-4.201975,-1.236619,-0.262244,-3.954700,10.811085
7.040,-4.100112,-3.572950,-0.146694,-3.833827,11.554948
7.050,-3.999663,-4.440196,-0.048765,-3.749983,9.792963
7.060,-3.900637,-2.899862,0.048262,-3.637895,9.702628
7.070,-3.803041,-10.956837,0.155608,-3.679075,10.734598
7.080,-3.706882,-2.951236,0.255274,-3.566845,9.966590
7.090,-3.612165,-3.895550,0.360447,-3.470350,10.517333
7.100,-3.518895,-3.645465,0.458882,-3.377386,9.843496
7.110,-3.427077,-1.660745,0.561586,-3.242403,10.270432
7.120,-3.336713,-3.523635,0.648940,-3.162420,8.735421
7.130,-3.247807,-6.098324,0.743020,-3.128940,9.407969
7.140,-3.160360,-3.513867,0.834051,-3.047428,9.103085
7.150,-3.074374,-2.905485,0.915579,-2.964692,8.152849
7.160,-2.989849,-2.702514,0.992866,-2.883707,7.728702
7.170,-2.906784,-2.501986,1.086687,-2.784128,9.382081
7.180,-2.825179,-0.226757,1.170756,-2.650593,8.406868
7.190,-2.745032,-5.460118,1.247998,-2.631087,7.724177
7.200,-2.666339,-2.227088,1.331195,-2.541473,8.319730
7.210,-2.589098,0.635726,1.422736,-2.388219,9.154134
7.220,-2.513305,-6.849834,1.485563,-2.415882,6.282623
7.230,-2.438954,-1.989837,1.553222,-2.341055,6.765917
7.240,-2.366040,-3.829487,1.624037,-2.301424,7.081529
7.250,-2.294557,-3.221333,1.712498,-2.233131,8.846058
7.260,-2.224498,-4.486517,1.790110,-2.202139,7.761201
7.270,-2.155855,-2.579732,1.870188,-2.131214,8.007813
7.280,-2.088619,2.514520,1.933603,-1.976153,6.341540
7.290,-2.022781,-5.183857,1.995790,-1.979363,6.218703
7.300,-1.958332,-4.882357,2.069133,-1.965547,7.334268
7.310,-1.895261,-5.150097,2.137987,-1.961761,6.885414
7.320,-1.833556,2.484989,2.209404,-1.802837,7.141723
7.330,-1.773206,-2.929056,2.273582,-1.762468,6.417762
7.340,-1.714198,-1.778296,2.340151,-1.697547,6.656876
7.350,-1.656519,-2.663477,2.404437,-1.653864,6.428680
7.360,-1.600155,-3.961212,2.472374,-1.633434,6.793651
7.370,-1.545090,-2.132967,2.539252,-1.577884,6.687788
7.380,-1.491311,4.654298,2.585438,-1.407978,4.618585
7.390,-1.438801,2.041376,2.625343,-1.299883,3.990588
7.400,-1.387543,-3.519888,2.689997,-1.280923,6.465402
7.410,-1.337521,0.281415,2.754913,-1.186059,6.491531
7.420,-1.288716,-3.367523,2.800953,-1.184569,4.604002
7.430,-1.241111,-5.682030,2.839089,-1.237144,3.813645
7.440,-1.194686,1.354092,2.891726,-1.133736,5.263676
7.450,-1.149422,1.750810,2.949866,-1.019067,5.814031
7.460,-1.105299,1.509832,3.013810,-0.905824,6.394385
7.470,-1.062296,-2.236959,3.066394,-0.880915,5.258387
7.480,-1.020392,-1.437331,3.110786,-0.848539,4.439160
7.490,-0.979565,0.894849,3.149940,-0.775300,3.915411
7.500,-0.939793,0.038947,3.195287,-0.714575,4.534709
7.510,-0.901054,-1.885148,3.237128,-0.696983,4.184070
7.520,-0.863324,-4.911003,3.272245,-0.746849,3.511712
7.530,-0.826579,-0.541891,3.330899,-0.685268,5.865454
7.540,-0.790795,1.906729,3.386496,-0.578943,5.559714
7.550,-0.755947,-3.749918,3.435977,-0.593872,4.948042
7.560,-0.722011,0.874888,3.468104,-0.533012,3.212683
7.570,-0.688960,0.139894,3.513565,-0.475002,4.546120
7.580,-0.656769,1.218602,3.556457,-0.399096,4.289171
7.590,-0.625410,1.554528,3.596952,-0.320338,4.049536
7.600,-0.594859,-2.331022,3.643112,-0.315315,4.615965
7.610,-0.565086,-4.607484,3.683592,-0.361488,4.048005
7.620,-0.536064,-1.869863,3.724171,-0.351888,4.057975
7.630,-0.507766,1.715052,3.763217,-0.272284,3.904559
7.640,-0.480164,-1.835173,3.799213,-0.268266,3.599587
7.650,-0.453227,-2.188336,3.817561,-0.288686,1.834867
7.660,-0.426929,-4.980304,3.850225,-0.350508,3.266368
7.670,-0.401238,3.980381,3.877177,-0.237477,2.695176
7.680,-0.376126,1.688158,3.897776,-0.178777,2.059888
7.690,-0.351563,1.573177,3.941534,-0.100855,4.375844
7.700,-0.327518,2.091795,3.985167,-0.014242,4.363243
7.710,-0.303962,1.137809,4.025368,0.048196,4.020128
7.720,-0.280863,-0.891685,4.056295,0.059707,3.092699
7.730,-0.258191,-0.667602,4.095574,0.083654,3.927898
7.740,-0.235915,-1.304826,4.123764,0.083511,2.819023
7.750,-0.214004,6.372848,4.153131,0.238078,2.936733
7.760,-0.192425,1.197355,4.171811,0.275569,1.867981
7.770,-0.171148,-1.330650,4.202129,0.273156,3.031777
7.780,-0.150142,1.013600,4.229500,0.314789,2.737095
7.790,-0.129373,-2.656545,4.245745,0.271282,1.624457
7.800,-0.108810,3.652457,4.271811,0.364450,2.606613
7.810,-0.088421,-1.741094,4.297491,0.347505,2.567988
7.820,-0.068175,1.184539,4.338063,0.404007,4.057238
7.830,-0.048038,2.616907,4.371315,0.480852,3.325200
7.840,-0.027978,0.933943,4.397443,0.515520,2.612854
7.850,-0.007964,0.228211,4.425442,0.537212,2.799825
7.860,0.012038,0.039043,4.451807,0.553086,2.636494
7.870,0.032059,-0.109044,4.476230,0.563779,2.442353
7.880,0.052132,-1.389615,4.493685,0.541817,1.745533
7.890,0.072288,-1.051420,4.518692,0.534459,2.500649
7.900,0.092561,3.791537,4.539070,0.619571,2.037850
7.910,0.112983,-0.158359,4.555580,0.620192,1.650930
7.920,0.133585,-1.830906,4.586378,0.601352,3.079820
7.930,0.154400,-1.136344,4.616445,0.596064,3.006713
7.940,0.175459,2.926386,4.629349,0.655316,1.290380
7.950,0.196795,1.885811,4.655857,0.705904,2.650818
7.960,0.218438,1.619261,4.691636,0.759235,3.577907
7.970,0.240422,-0.403381,4.728279,0.771892,3.664250
7.980,0.262776,1.696182,4.765041,0.826404,3.676193
7.990,0.285532,-1.323371,4.794325,0.812107,2.928415
8.000,0.308721,-5.580097,4.816986,0.706471,2.266099
8.010,0.332375,-1.596813,4.838217,0.681212,2.123095
8.020,0.356523,-0.654705,4.871384,0.686997,3.316700
8.030,0.381195,-3.914955,4.905368,0.628262,3.398423
8.040,0.406423,-2.103735,4.947186,0.614605,4.181841
8.050,0.432235,1.825771,4.988105,0.678929,4.091902
8.060,0.458661,7.319148,5.019796,0.842789,3.169016
8.070,0.485731,-0.492897,5.043248,0.839059,2.345222
8.080,0.513473,6.047815,5.074787,0.974143,3.153965
8.090,0.541916,2.667707,5.111333,1.043829,3.654541
8.100,0.571088,4.932489,5.145267,1.154857,3.393404
8.110,0.601017,5.648734,5.176965,1.275799,3.169841
8.120,0.631731,5.180318,5.216108,1.392249,3.914284
8.130,0.663257,4.221523,5.250021,1.482070,3.391327
8.140,0.695621,4.595085,5.283793,1.577427,3.377213
8.150,0.728850,2.019519,5.325960,1.627592,4.216615
8.160,0.762970,-1.680451,5.363322,1.598046,3.736219
8.170,0.798006,2.468915,5.406782,1.658054,4.345985
8.180,0.833984,0.963245,5.451428,1.687911,4.464637
8.190,0.870928,-0.139223,5.485751,1.685005,3.432339
8.200,0.908862,-7.232360,5.526342,1.546437,4.059088
8.210,0.947809,-3.498886,5.583311,1.501360,5.696841
8.220,0.987794,-3.097919,5.620529,1.445848,3.721786
8.230,1.028838,-7.547393,5.651181,1.296022,3.065196
8.240,1.070964,-4.753954,5.684964,1.208129,3.378300
8.250,1.114194,-4.510359,5.734988,1.142784,5.002455
8.260,1.158548,1.275639,5.786162,1.195591,5.117372
8.270,1.204046,2.651662,5.837302,1.274830,5.114044
8.280,1.250710,-4.940011,5.900272,1.212243,6.296946
8.290,1.298558,6.963545,5.933339,1.359675,3.306698
8.300,1.347610,-0.014857,5.992168,1.389837,5.882935
8.310,1.397882,6.213043,6.061552,1.554297,6.938353
8.320,1.449394,7.530046,6.110669,1.721947,4.911723
8.330,1.502161,3.731060,6.167034,1.817367,5.636517
8.340,1.556201,8.277861,6.221695,2.000145,5.466069
8.350,1.611529,7.260304,6.276519,2.159076,5.482471
8.360,1.668160,9.032785,6.337199,2.356016,6.067982
8.370,1.726109,7.971047,6.413234,2.542831,7.603439
8.380,1.785389,9.781528,6.493885,2.766643,8.065167
8.390,1.846014,6.065631,6.558501,2.895947,6.461596
8.400,1.907996,4.294622,6.642408,3.006149,8.390699
8.410,1.971347,6.118528,6.712734,3.137316,7.032563
8.420,2.036078,3.407317,6.798190,3.226462,8.545583
8.430,2.102199,2.370169,6.870265,3.279970,7.207528
8.440,2.169721,-2.438033,6.945540,3.239380,7.527489
8.450,2.238652,-4.522329,7.024103,3.161138,7.856366
8.460,2.309001,-4.201774,7.126596,3.114322,10.249209
8.470,2.380775,-4.889831,7.211896,3.037833,8.530019
8.480,2.453981,-1.570604,7.286163,3.018446,7.426696
8.490,2.528625,-0.920594,7.375281,3.027001,8.911803
8.500,2.604713,-3.205227,7.455198,2.980675,7.991743
8.510,2.682249,1.641617,7.535543,3.032632,8.034445
8.520,2.761238,2.655787,7.628528,3.116220,9.298521
8.530,2.841682,1.234129,7.715950,3.164252,8.742188
8.540,2.923584,0.101162,7.806810,3.192034,9.086070
8.550,3.006946,7.673784,7.897015,3.370069,9.020421
8.560,3.091769,5.118422,7.991260,3.497397,9.424582
8.570,3.178052,6.987971,8.087674,3.661693,9.641355
8.580,3.265796,7.009326,8.166652,3.806044,7.897783
8.590,3.355000,6.535561,8.267916,3.959874,10.126421
8.600,3.445660,5.655535,8.357447,4.081527,8.953109
8.610,3.537774,11.112173,8.444748,4.307696,8.730126
8.620,3.631339,7.403251,8.544569,4.467431,9.982081
8.630,3.726350,16.487491,8.646973,4.808188,10.240366
8.640,3.822803,5.283970,8.744595,4.913373,9.762198
8.650,3.920690,3.757958,8.855845,4.999290,11.125024
8.660,4.020007,6.895124,8.951135,5.130590,9.528951
8.670,4.120744,8.063379,9.055323,5.291351,10.418851
8.680,4.222895,3.015879,9.159497,5.347932,10.417366
8.690,4.326449,2.985811,9.269376,5.408371,10.987924
8.700,4.431399,-4.179166,9.383248,5.328215,11.387207
8.710,4.537732,-2.139389,9.488204,5.281720,10.495641
8.720,4.645438,-3.693749,9.608385,5.219988,12.018063
8.730,4.754504,-5.958453,9.724630,5.110339,11.624487
8.740,4.864919,-0.766651,9.826577,5.092707,10.194669
8.750,4.976669,-6.134773,9.929318,4.968843,10.274111
8.760,5.089739,-2.958239,10.048942,4.927534,11.962430
8.770,5.204115,0.175391,10.168195,4.949358,11.925283
8.780,5.319780,0.841737,10.289670,4.986251,12.147487
8.790,5.436719,5.463032,10.413013,5.116663,12.334328
8.800,5.554914,6.849257,10.539632,5.275402,12.661903
8.810,5.674348,9.901361,10.673257,5.498874,13.362495
8.820,5.795002,11.006716,10.791622,5.725028,11.836518
8.830,5.916856,13.230792,10.910691,5.991831,11.906889
8.840,6.039891,11.350728,11.031559,6.217460,12.086837
8.850,6.164086,12.761615,11.164635,6.478757,13.307557
8.860,6.289420,13.567262,11.306486,6.759542,14.185136
8.870,6.415870,12.556274,11.436033,7.002432,12.954621
8.880,6.543414,10.764133,11.550098,7.189450,11.406539
8.890,6.672028,10.157906,11.671603,7.367894,12.150536
8.900,6.801688,7.909647,11.801110,7.505646,12.950691
8.910,6.932370,9.777171,11.933829,7.681140,13.271822
8.920,7.064048,7.147331,12.068725,7.802662,13.489608
8.930,7.196697,4.364854,12.208153,7.870546,13.942864
8.940,7.330288,3.081527,12.345709,7.909570,13.755586
8.950,7.464796,0.587639,12.495056,7.909492,14.934680
8.960,7.600192,5.177570,12.631474,7.988543,13.641800
8.970,7.736448,2.347478,12.767247,8.008779,13.577287
8.980,7.873535,-0.237489,12.914565,7.988226,14.731831
8.990,8.011423,4.080452,13.046553,8.039418,13.198810
9.000,8.150082,1.168390,13.194699,8.047181,14.814618
9.010,8.289480,-0.088596,13.341273,8.028108,14.657340
9.020,8.429588,7.141847,13.486539,8.152743,14.526614
9.030,8.570372,4.646664,13.646351,8.239238,15.981242
9.040,8.711800,6.528889,13.789108,8.344932,14.275640
9.050,8.853840,9.288594,13.953919,8.525320,16.481109
9.060,8.996458,13.656572,14.101005,8.772090,14.708620
9.070,9.139619,12.353049,14.240205,8.980125,13.920028
9.080,9.283290,10.611849,14.390673,9.160218,15.046785
9.090,9.427436,16.007503,14.532429,9.436084,14.175549
9.100,9.572021,14.149367,14.677201,9.672227,14.477278
9.110,9.717010,20.436102,14.831550,10.038766,15.434845
9.120,9.862366,15.695305,14.987516,10.304743,15.596575
9.130,10.008052,9.729820,15.134371,10.437164,14.685580
9.140,10.154032,15.500309,15.294379,10.695234,16.000718
9.150,10.300268,18.481277,15.455984,11.009327,16.160515
9.160,10.446722,16.366297,15.620018,11.277221,16.403463
9.170,10.593356,15.687683,15.776959,11.519231,15.694028
9.180,10.740132,7.212698,15.940693,11.593561,16.373444
9.190,10.887010,10.755192,16.078557,11.711900,13.786362
9.200,11.033952,5.532580,16.228967,11.735715,15.041039
9.210,11.180918,6.990893,16.374989,11.783920,14.602156
9.220,11.327867,2.635754,16.528864,11.751755,15.387543
9.230,11.474761,3.937473,16.677138,11.740777,14.827383
9.240,11.621558,3.956836,16.828537,11.733470,15.139948
9.250,11.768218,8.363986,16.996166,11.830356,16.762874
9.260,11.914701,8.940690,17.147181,11.920558,15.101524
9.270,12.060964,8.761389,17.302625,12.009710,15.544384
9.280,12.206968,6.071654,17.452620,12.037943,14.999449
9.290,12.352670,10.218232,17.604756,12.150642,15.213597
9.300,12.498028,10.765588,17.755970,12.271131,15.121431
9.310,12.643002,16.429972,17.910317,12.505568,15.434684
9.320,12.787549,18.725447,18.069952,12.786408,15.963480
9.330,12.931627,19.758626,18.232953,13.085593,16.300149
9.340,13.075193,16.306513,18.384720,13.298744,15.176709
9.350,13.218207,12.103777,18.538152,13.425208,15.343202
9.360,13.360625,14.936120,18.677044,13.591540,13.889188
9.370,13.502405,22.935260,18.823781,13.922216,14.673653
9.380,13.643504,18.039528,18.978041,14.155737,15.426016
9.390,13.783880,16.490910,19.130962,14.352304,15.292142
9.400,13.923491,21.513662,19.277862,14.639493,14.689990
9.410,14.062294,19.391804,19.429331,14.882979,15.146907
9.420,14.200247,14.976360,19.576764,15.029330,14.743250
9.430,14.337307,12.822717,19.728959,15.134349,15.219488
9.440,14.473432,11.914586,19.872910,15.211026,14.395102
9.450,14.608579,11.638947,20.010702,15.274620,13.779202
9.460,14.742707,14.116286,20.152985,15.390892,14.228363
9.470,14.875773,10.504059,20.268055,15.405923,11.506937
9.480,15.007735,10.931061,20.408507,15.454069,14.045249
9.490,15.138552,12.072436,20.515543,15.491331,10.703559
9.500,15.268181,6.629541,20.636770,15.432898,12.122702
9.510,15.396581,12.199424,20.774149,15.502860,13.737924
9.520,15.523711,10.649233,20.910443,15.539356,13.629441
9.530,15.649530,6.424775,21.032286,15.476470,12.184274
9.540,15.773996,8.905049,21.156359,15.466633,12.407249
9.550,15.897068,13.285526,21.295679,15.559545,13.932013
9.560,16.018707,18.766909,21.418708,15.744261,12.302969
9.570,16.138872,19.241610,21.562060,15.954692,14.335130
9.580,16.257523,20.759550,21.685918,16.172171,12.385876
9.590,16.374620,26.264703,21.811484,16.497075,12.556505
9.600,16.490125,18.990072,21.945107,16.677886,13.362318
9.610,16.603997,22.515332,22.065192,16.912318,12.008492
9.620,16.716198,23.392651,22.174520,17.149066,10.932793
9.630,16.826690,20.469029,22.289260,17.327911,11.474064
9.640,16.935435,21.716022,22.402828,17.526970,11.356754
9.650,17.042395,16.686210,22.503959,17.609263,10.113102
9.660,17.147533,23.023359,22.612121,17.823543,10.816179
9.670,17.250812,16.459030,22.714514,17.896599,10.239378
9.680,17.352196,21.847425,22.828327,18.087152,11.381287
9.690,17.451648,15.327930,22.933073,18.134619,10.474586
9.700,17.549133,16.744469,23.033295,18.205033,10.022227
9.710,17.644617,13.014125,23.132911,18.198839,9.961604
9.720,17.738064,12.321149,23.233108,18.179478,10.019701
9.730,17.829441,10.518510,23.334368,18.125493,10.125926
9.740,17.918714,12.218641,23.420574,18.091838,8.620645
9.750,18.005850,13.028859,23.504292,18.072622,8.371807
9.760,18.090815,10.942951,23.602995,18.026757,9.870259
9.770,18.173580,13.581036,23.687344,18.020505,8.434914
9.780,18.254111,13.622323,23.761409,18.005125,7.406466
9.790,18.332379,22.341538,23.848079,18.176791,8.667091
9.800,18.408352,17.918750,23.932598,18.254458,8.451842
9.810,18.482002,23.571026,23.998825,18.425692,6.622742
9.820,18.553298,20.705182,24.076767,18.547665,7.794194
9.830,18.622214,23.162167,24.156363,18.717959,7.959557
9.840,18.688720,20.285870,24.230646,18.822115,7.428333
9.850,18.752790,23.239801,24.304541,18.982885,7.389458
9.860,18.814398,25.301087,24.359670,19.163275,5.512888
9.870,18.873516,28.783953,24.426180,19.420869,6.651015
9.880,18.930121,25.045921,24.485095,19.591106,5.891482
9.890,18.984188,27.274002,24.540018,19.798589,5.492327
9.900,19.035692,24.437360,24.603194,19.953277,6.317638
9.910,19.084612,25.686036,24.668644,20.132073,6.544975
9.920,19.130923,20.091831,24.733996,20.195314,6.535209
9.930,19.174606,24.765345,24.792872,20.344413,5.887587
9.940,19.215638,16.147925,24.837691,20.304406,4.481925
9.950,19.254000,14.129505,24.883530,20.225830,4.583878
9.960,19.289672,11.901561,24.929982,20.104868,4.645242
9.970,19.322636,19.903848,24.968552,20.138646,3.856976
9.980,19.352873,15.597965,25.004464,20.083025,3.591141
9.990,19.380366,12.545196,25.043167,19.970198,3.870350
10.000,19.405100,16.704489,25.072038,19.933178,2.887141
10.010,19.427058,15.861877,25.092767,19.872066,2.072836
10.020,19.446225,19.944449,25.113216,19.893554,2.044945
10.030,19.462588,12.317861,25.139242,19.767545,2.602548
10.040,19.476134,16.883170,25.157396,19.727649,1.815431
10.050,19.486849,17.866536,25.175412,19.708082,1.801622
10.060,19.494723,15.590909,25.193220,19.643191,1.780817
10.070,19.499744,24.611293,25.199812,19.749012,0.659145
10.080,19.501903,22.563985,25.212585,19.817830,1.277329
10.090,19.501191,26.133269,25.219464,19.950879,0.687847
10.100,19.497599,30.927571,25.210549,20.161677,-0.891421
10.110,19.491119,24.542233,25.220162,20.258708,0.961228
10.120,19.481746,24.397806,25.211333,20.332838,-0.882875
10.130,19.469474,25.398676,25.190367,20.413609,-2.096553
10.140,19.454297,26.868352,25.171376,20.524092,-1.899157
10.150,19.436211,21.971246,25.149666,20.531759,-2.170967
10.160,19.415214,20.549803,25.133629,20.516404,-1.603679
10.170,19.391303,23.337827,25.112070,20.551704,-2.155978
10.180,19.364476,20.125134,25.087090,20.518693,-2.497951
10.190,19.334733,12.559042,25.066847,20.339661,-2.024333
10.200,19.302074,13.200245,25.041449,20.171984,-2.539739
10.210,19.266500,18.795671,25.012947,20.116525,-2.850196
10.220,19.228014,15.085969,24.982284,19.985864,-3.066330
10.230,19.186617,11.531323,24.950363,19.785491,-3.192123
10.240,19.142313,12.721041,24.893745,19.588716,-5.661823
10.250,19.095107,13.260262,24.848175,19.417489,-4.556948
10.260,19.045005,15.508553,24.785186,19.277580,-6.298924
10.270,18.992012,11.046960,24.737040,19.065785,-4.814602
10.280,18.936136,13.393620,24.685689,18.902018,-5.135101
10.290,18.877384,17.442773,24.639868,18.827928,-4.582079
10.300,18.815766,17.903946,24.592322,18.762854,-4.754588
10.310,18.751290,21.014646,24.534046,18.750779,-5.827663
10.320,18.683968,17.888014,24.467303,18.668115,-6.674271
10.330,18.613811,23.086928,24.405615,18.696038,-6.168781
10.340,18.540830,25.929962,24.333006,18.769559,-7.260915
10.350,18.465039,25.132388,24.261806,18.827039,-7.120028
10.360,18.386452,24.635790,24.195716,18.878447,-6.608917
10.370,18.305083,24.051259,24.114502,18.902313,-8.121451
10.380,18.220947,21.831857,24.041437,18.889300,-7.306514
10.390,18.134061,23.009979,23.964604,18.896417,-7.683292
10.400,18.044443,25.293146,23.871989,18.933590,-9.261456
10.410,17.952109,20.542617,23.792098,18.887477,-7.989089
10.420,17.857079,17.129722,23.707318,18.769237,-8.478026
10.430,17.759371,16.541895,23.615098,18.634315,-9.222028
10.440,17.659007,16.689446,23.513317,18.495672,-10.178053
10.450,17.556008,13.757209,23.408137,18.297826,-10.518043
10.460,17.450394,14.583445,23.302926,18.120432,-10.521075
10.470,17.342189,13.607585,23.203778,17.933010,-9.914842
10.480,17.231415,13.764123,23.090088,17.738216,-11.369021
10.490,17.118098,14.692971,22.985011,17.574336,-10.507672
10.500,17.002262,13.585665,22.863994,17.375965,-12.101729
10.510,16.883932,9.087094,22.748797,17.097295,-11.519634
10.520,16.763134,9.827615,22.633657,16.839064,-11.514053
10.530,16.639896,12.849115,22.534773,16.662359,-9.888328
10.540,16.514246,13.084200,22.402912,16.461572,-13.186143
10.550,16.386210,12.680666,22.291475,16.276746,-11.143667
10.560,16.255820,15.787695,22.167121,16.145097,-12.435454
10.570,16.123104,17.029209,22.042546,16.040697,-12.457434
10.580,15.988093,17.727050,21.913350,15.947811,-12.919667
10.590,15.850817,19.593558,21.784516,15.894469,-12.883401
10.600,15.711309,24.021497,21.648678,15.923888,-13.583768
10.610,15.569601,21.930092,21.523519,15.921356,-12.515956
10.620,15.425725,27.601484,21.380924,16.015216,-14.259425
10.630,15.279716,21.463246,21.248923,15.994816,-13.200131
10.640,15.131607,19.566766,21.100627,15.920924,-14.829639
10.650,14.981433,19.234310,20.954956,15.844435,-14.567075
10.660,14.829229,18.531444,20.799180,15.745514,-15.577615
10.670,14.675032,17.452274,20.653644,15.637024,-14.553586
10.680,14.518877,19.922864,20.514090,15.585978,-13.955399
10.690,14.360802,10.969618,20.360454,15.343088,-15.363561
10.700,14.200844,13.659936,20.203998,15.156098,-15.645592
10.710,14.039040,10.626414,20.038375,14.903193,-16.562366
10.720,13.875430,5.016676,19.878046,14.548341,-16.032827
10.730,13.710052,10.013368,19.705062,14.288117,-17.298434
10.740,13.542946,10.745791,19.535809,14.051402,-16.925346
10.750,13.374151,5.293163,19.374004,13.717669,-16.180454
10.760,13.203709,7.640693,19.219309,13.444529,-15.469464
10.770,13.031658,3.919450,19.074949,13.112554,-14.436008
10.780,12.858041,5.952429,18.901877,12.799741,-17.307218
10.790,12.682899,12.818294,18.743476,12.644879,-15.840114
10.800,12.506274,10.283957,18.574080,12.431653,-16.939551
10.810,12.328208,9.994002,18.400105,12.212404,-17.397510
10.820,12.148744,14.627053,18.229424,12.093430,-17.068119
10.830,11.967924,13.914985,18.054444,11.958380,-17.498037
10.840,11.785792,15.008003,17.878561,11.847007,-17.588291
10.850,11.602392,18.722620,17.697282,11.806866,-18.127943
10.860,11.417767,14.330212,17.506881,11.670740,-19.040037
10.870,11.231961,14.968533,17.314158,11.547827,-19.272301
10.880,11.045019,17.240360,17.137896,11.488941,-17.626208
10.890,10.856985,18.539561,16.953125,11.448878,-18.477098
10.900,10.667904,18.144284,16.764775,11.398203,-18.835051
10.910,10.477821,12.045686,16.580281,11.230349,-18.449305
10.920,10.286782,14.509425,16.401146,11.120378,-17.913564
10.930,10.094831,8.545518,16.216205,10.887639,-18.494072
10.940,9.902015,13.384866,16.023730,10.748958,-19.247498
10.950,9.708378,4.364879,15.845517,10.446627,-17.821335
10.960,9.513967,9.055696,15.669375,10.246190,-17.614149
10.970,9.318828,2.862736,15.483852,9.916707,-18.552382
10.980,9.123007,8.605203,15.301501,9.711774,-18.235021
10.990,8.926549,4.463018,15.120684,9.429598,-18.081694
11.000,8.729501,0.226148,14.938406,9.066896,-18.227875
11.010,8.531910,1.612293,14.751478,8.734615,-18.692744
11.020,8.333821,5.371096,14.563950,8.483568,-18.752791
11.030,8.135281,6.855190,14.375365,8.266186,-18.858561
11.040,7.936335,5.095032,14.173461,8.004898,-20.190356
11.050,7.737031,6.597016,13.985606,7.792642,-18.785483
11.060,7.537414,9.672312,13.781010,7.629731,-20.459673
11.070,7.337530,9.381857,13.580659,7.468430,-20.035051
11.080,7.137426,6.987690,13.396896,7.278728,-18.376266
11.090,6.937148,9.166184,13.209275,7.132608,-18.762096
11.100,6.736741,12.498500,13.026726,7.061028,-18.254925
11.110,6.536251,15.339712,12.830044,7.033853,-19.668186
11.120,6.335724,16.372807,12.626303,7.020966,-20.374092
11.130,6.135205,13.940655,12.429888,6.966873,-19.641551
11.140,5.934740,12.004955,12.236288,6.877907,-19.359961
11.150,5.734374,12.120998,12.042625,6.792979,-19.366278
11.160,5.534151,7.263770,11.857566,6.621037,-18.505924
11.170,5.334116,7.018264,11.660758,6.436109,-19.680824
11.180,5.134315,3.683412,11.469911,6.194026,-19.084683
11.190,4.934790,0.926665,11.268638,5.891431,-20.127303
11.200,4.735586,3.242602,11.079220,5.652824,-18.941854
11.210,4.536748,1.377759,10.886610,5.378565,-19.260971
11.220,4.338317,1.364007,10.688407,5.104035,-19.820331
11.230,4.140338,0.033322,10.494788,4.812874,-19.361872
11.240,3.942853,-1.361445,10.302098,4.500551,-19.269014
11.250,3.745905,-0.844564,10.109277,4.204685,-19.282035
11.260,3.549535,-2.238352,9.933389,3.903453,-17.588882
11.270,3.353786,-0.641106,9.743183,3.626160,-19.020601
11.280,3.158698,-2.717162,9.552495,3.312420,-19.068733
11.290,2.964313,1.047163,9.347702,3.066418,-20.479272
11.300,2.770672,2.996050,9.153299,2.874496,-19.440337
11.310,2.577814,0.943577,8.964748,2.651097,-18.855096
11.320,2.385779,4.038474,8.773658,2.491576,-19.109038
11.330,2.194607,3.547164,8.599990,2.342493,-17.366805
11.340,2.004336,4.807054,8.414869,2.210366,-18.512080
11.350,1.815004,4.072989,8.242334,2.078534,-17.253525
11.360,1.626650,10.497471,8.060981,2.069187,-18.135308
11.370,1.439311,10.091188,7.880465,2.052721,-18.051573
11.380,1.253023,8.493268,7.700011,2.004687,-18.045419
11.390,1.067823,11.437344,7.521403,2.018305,-17.860768
11.400,0.883747,5.053862,7.357657,1.918545,-16.374644
11.410,0.700830,11.838970,7.162779,1.925973,-19.487749
11.420,0.519106,2.203256,6.971657,1.744219,-19.112241
11.430,0.338609,1.783727,6.793446,1.570362,-17.821105
11.440,0.159374,-1.523959,6.620974,1.339453,-17.247190
11.450,-0.018567,-1.229833,6.455217,1.125626,-16.575712
11.460,-0.195182,-1.568231,6.289065,0.908920,-16.615110
11.470,-0.370438,-5.222068,6.117429,0.618097,-17.163622
11.480,-0.544306,-1.490152,5.958424,0.420107,-15.900562
11.490,-0.716754,-5.992357,5.800942,0.137525,-15.748202
11.500,-0.887753,-6.205661,5.638154,-0.148870,-16.278727
11.510,-1.057274,-9.071849,5.483089,-0.479294,-15.506583
11.520,-1.225287,-5.312066,5.324023,-0.731834,-15.906516
11.530,-1.391766,-5.931659,5.159833,-0.996736,-16.418995
11.540,-1.556684,-6.092471,5.007293,-1.248141,-15.254056
11.550,-1.720013,-5.299280,4.851656,-1.481688,-15.563711
11.560,-1.881728,4.638555,4.696771,-1.511070,-15.488485
11.570,-2.041804,-1.370775,4.555310,-1.646896,-14.146083
11.580,-2.200217,-3.106785,4.384134,-1.843847,-17.117637
11.590,-2.356943,-0.130533,4.222921,-1.967569,-16.121257
11.600,-2.511959,2.320195,4.065274,-2.036307,-15.764687
11.610,-2.665243,4.343153,3.915960,-2.055046,-14.931384
11.620,-2.816774,4.541826,3.769279,-2.066856,-14.668105
11.630,-2.966532,4.655207,3.614360,-2.084235,-15.491894
11.640,-3.114495,0.793440,3.465422,-2.172641,-14.893824
11.650,-3.260646,2.357212,3.319301,-2.225243,-14.612159
11.660,-3.404965,-1.878061,3.201565,-2.333680,-11.773535
11.670,-3.547435,-2.660301,3.080442,-2.458913,-12.112346
11.680,-3.688040,-4.978356,2.943484,-2.643521,-13.695760
11.690,-3.826762,-7.288485,2.808801,-2.868409,-13.468280
11.700,-3.963588,-3.258008,2.669738,-3.012483,-13.906339
11.710,-4.098502,-5.674562,2.526522,-3.206077,-14.321632
11.720,-4.231490,-6.225033,2.399567,-3.390871,-12.695451
11.730,-4.362541,-9.561321,2.267509,-3.643697,-13.205794
11.740,-4.491641,-8.379196,2.144711,-3.858749,-12.279784
11.750,-4.618779,-15.021634,2.011758,-4.212301,-13.295365
11.760,-4.743945,-8.382886,1.887487,-4.417498,-12.427061
11.770,-4.867128,-9.657609,1.772488,-4.635000,-11.499925
11.780,-4.988321,-7.765068,1.661224,-4.806639,-11.126348
11.790,-5.107515,-7.343096,1.552374,-4.964042,-10.885052
11.800,-5.224702,-9.521031,1.431629,-5.173511,-12.074439
11.810,-5.339876,-9.443019,1.330302,-5.358202,-10.132702
11.820,-5.453031,-6.098301,1.217758,-5.483298,-11.254486
11.830,-5.564162,-1.594655,1.118703,-5.502598,-9.905442
11.840,-5.673265,-0.127469,1.016530,-5.495225,-10.217274
11.850,-5.780337,-4.353816,0.905464,-5.581242,-11.106612
11.860,-5.885375,-2.767262,0.804914,-5.623501,-10.054983
11.870,-5.988378,-1.847490,0.711853,-5.639181,-9.306119
11.880,-6.089344,-1.025392,0.622810,-5.634168,-8.904366
11.890,-6.188273,-3.998339,0.529771,-5.692629,-9.303878
11.900,-6.285165,-4.955261,0.452150,-5.753950,-7.762114
11.910,-6.380023,-4.563333,0.372368,-5.808324,-7.978157
11.920,-6.472849,-3.640388,0.284504,-5.851072,-8.786374
11.930,-6.563644,-8.315458,0.206723,-5.976586,-7.778173
11.940,-6.652414,-7.233995,0.140434,-6.066697,-6.628867
11.950,-6.739162,-5.858436,0.076378,-6.125307,-6.405635
11.960,-6.823894,-13.207804,-0.011173,-6.352757,-8.755108
11.970,-6.906616,-11.721421,-0.094306,-6.541600,-8.313263
11.980,-6.987335,-9.626091,-0.156148,-6.663894,-6.184146
11.990,-7.066058,-13.890983,-0.236343,-6.887028,-8.019542
12.000,-7.142794,-14.575503,-0.316669,-7.119517,-8.032654
12.010,-7.217551,-4.308811,-0.388332,-7.133532,-7.166220
12.020,-7.290339,-8.055844,-0.450779,-7.213177,-6.244740
12.030,-7.361169,-4.599931,-0.515455,-7.224294,-6.467582
12.040,-7.430052,-6.357639,-0.582575,-7.272739,-6.712017
12.050,-7.497000,-8.354112,-0.647956,-7.358439,-6.538066
12.060,-7.562026,-6.362800,-0.711726,-7.401021,-6.376995
12.070,-7.625143,-6.824019,-0.774931,-7.451422,-6.320532
12.080,-7.686365,-5.134157,-0.810960,-7.440385,-3.602854
12.090,-7.745706,-9.116570,-0.860988,-7.522937,-5.002893
12.100,-7.803183,-7.700167,-0.904447,-7.569070,-4.345810
12.110,-7.858810,-8.012600,-0.957071,-7.629513,-5.262433
12.120,-7.912606,-6.152236,-1.005447,-7.647376,-4.837596
12.130,-7.964587,-10.527535,-1.056238,-7.754754,-5.079101
12.140,-8.014771,-5.472329,-1.120747,-7.772324,-6.450885
12.150,-8.063177,-6.897355,-1.173298,-7.806325,-5.255080
12.160,-8.109825,-11.402137,-1.227560,-7.931418,-5.426279
12.170,-8.154733,-5.134076,-1.283608,-7.930398,-5.604740
12.180,-8.197923,-2.612690,-1.329512,-7.869030,-4.590404
12.190,-8.239415,-5.734830,-1.353567,-7.849920,-2.405491
12.200,-8.279232,-4.711770,-1.386912,-7.819835,-3.334535
12.210,-8.317395,-8.103967,-1.407935,-7.846120,-2.102314
12.220,-8.353927,-12.507690,-1.434376,-7.965264,-2.644060
12.230,-8.388852,-12.999153,-1.456248,-8.087376,-2.187237
12.240,-8.422193,-7.784488,-1.490017,-8.114412,-3.376849
12.250,-8.453975,-9.933922,-1.510839,-8.171208,-2.082278
12.260,-8.484222,-10.770662,-1.528502,-8.240507,-1.766286
12.270,-8.512960,-8.669826,-1.555112,-8.275171,-2.660953
12.280,-8.540214,-7.001251,-1.571162,-8.265421,-1.604988
12.290,-8.566012,-12.197906,-1.585715,-8.358333,-1.455310
12.300,-8.590380,-9.712574,-1.607777,-8.407039,-2.206240
12.310,-8.613344,-4.838667,-1.633036,-8.360425,-2.525893
12.320,-8.634933,-11.323154,-1.657425,-8.443580,-2.438847
12.330,-8.655175,-6.480772,-1.670315,-8.416957,-1.289032
12.340,-8.674098,-9.885925,-1.679977,-8.455805,-0.966186
12.350,-8.691731,-7.327246,-1.697320,-8.450230,-1.734276
12.360,-8.708103,-5.964784,-1.706863,-8.409874,-0.954390
12.370,-8.723244,-6.870040,-1.710839,-8.382974,-0.397608
12.380,-8.737184,-6.464285,-1.713248,-8.346960,-0.240876
12.390,-8.749953,-11.628936,-1.707032,-8.406508,0.621642
12.400,-8.761581,-5.977432,-1.701890,-8.352887,0.514214
12.410,-8.772100,-10.903833,-1.713880,-8.415656,-1.199017
12.420,-8.781541,-8.132686,-1.703328,-8.399656,1.055139
12.430,-8.789935,-8.144319,-1.709463,-8.400561,-0.613417
12.440,-8.797313,-7.584507,-1.701991,-8.376918,0.747172
12.450,-8.803709,-7.961317,-1.701367,-8.367995,0.062364
12.460,-8.809154,-10.918679,-1.703650,-8.421245,-0.228275
12.470,-8.813680,-12.188349,-1.716195,-8.508882,-1.254496
12.480,-8.817321,-6.636449,-1.714781,-8.470048,0.141356
12.490,-8.820108,-8.355522,-1.723634,-8.476432,-0.885242
12.500,-8.822075,-5.948633,-1.711469,-8.413955,1.216456
12.510,-8.823256,-8.935088,-1.694138,-8.407394,1.733082
12.520,-8.823682,-12.336593,-1.694580,-8.486411,-0.044182
12.530,-8.823389,-6.408065,-1.685528,-8.435972,0.905277
12.540,-8.822408,-9.748335,-1.684024,-8.460745,0.150386
12.550,-8.820775,-7.965766,-1.681108,-8.447989,0.291547
12.560,-8.818522,-10.437170,-1.666366,-8.473325,1.474196
12.570,-8.815683,-4.704929,-1.657560,-8.389327,0.880659
12.580,-8.812292,-11.003704,-1.633992,-8.418519,2.356718
12.590,-8.808383,-9.651957,-1.627699,-8.437020,0.629342
12.600,-8.803989,-8.535368,-1.609086,-8.420746,1.861343
12.610,-8.799145,-11.529601,-1.597254,-8.471328,1.183169
12.620,-8.793885,-7.967586,-1.579435,-8.443791,1.781846
12.630,-8.788241,-4.758465,-1.571194,-8.362008,0.824108
12.640,-8.782248,-10.008403,-1.559440,-8.383417,1.175427
12.650,-8.775939,-7.788082,-1.547915,-8.360215,1.152552
12.660,-8.769349,-15.642937,-1.541888,-8.499964,0.602629
12.670,-8.762510,-8.859833,-1.523645,-8.489283,1.824320
12.680,-8.755456,-9.538062,-1.505298,-8.492278,1.834701
12.690,-8.748220,-10.794464,-1.487239,-8.520624,1.805874
12.700,-8.740835,-6.037209,-1.461501,-8.445733,2.573827
12.710,-8.733335,-9.548944,-1.436364,-8.443163,2.513666
12.720,-8.725751,-9.169445,-1.425755,-8.447292,1.060901
12.730,-8.718118,-9.661100,-1.409128,-8.455273,1.662713
12.740,-8.710466,-13.502506,-1.400473,-8.547735,0.865575
12.750,-8.702829,-11.532795,-1.386671,-8.593911,1.380117
12.760,-8.695237,-6.292504,-1.377917,-8.539304,0.875425
12.770,-8.687724,-13.962601,-1.351498,-8.621879,2.641914
12.780,-8.680320,-10.596109,-1.335255,-8.645445,1.624317
12.790,-8.673057,-9.672357,-1.323821,-8.654779,1.143331
12.800,-8.665965,-4.306910,-1.301282,-8.545733,2.253970
12.810,-8.659075,-6.737566,-1.305873,-8.514069,-0.459141
12.820,-8.652418,-10.045344,-1.309460,-8.548209,-0.358666
12.830,-8.646023,-5.384739,-1.290844,-8.466697,1.861573
12.840,-8.639920,-10.491210,-1.278418,-8.495009,1.242620
12.850,-8.634138,-6.111389,-1.264808,-8.433999,1.361038
12.860,-8.628706,-12.025899,-1.264176,-8.505218,0.063131
12.870,-8.623653,-5.940509,-1.253512,-8.443473,1.066397
12.880,-8.619007,-9.634341,-1.227055,-8.441362,2.645737
12.890,-8.614795,-11.186055,-1.210480,-8.480013,1.657487
12.900,-8.611044,-9.153903,-1.199616,-8.482844,1.086385
12.910,-8.607782,-7.914422,-1.194124,-8.466093,0.549207
12.920,-8.605035,-9.841906,-1.188804,-8.488396,0.532006
12.930,-8.602829,-7.217945,-1.197915,-8.471915,-0.911049
12.940,-8.601189,-10.058674,-1.188509,-8.494433,0.940544
12.950,-8.600140,-7.049209,-1.175004,-8.452294,1.350468
12.960,-8.599707,-7.494152,-1.181496,-8.439493,-0.649188
12.970,-8.599914,-8.752222,-1.181326,-8.445581,0.017029
12.980,-8.600784,-9.704240,-1.185799,-8.475137,-0.447274
12.990,-8.602340,-8.223488,-1.189432,-8.473665,-0.363315
13.000,-8.604605,-7.228970,-1.185634,-8.445049,0.379808
13.010,-8.607600,-3.453102,-1.199680,-8.358975,-1.404599
13.020,-8.611346,-6.262795,-1.192898,-8.310406,0.678139
13.030,-8.615865,-6.175890,-1.185783,-8.260742,0.711564
13.040,-8.621177,-0.899896,-1.187509,-8.115217,-0.172630
13.050,-8.627300,-7.337404,-1.207894,-8.119637,-2.038467
13.060,-8.634255,-7.422646,-1.217244,-8.114861,-0.935053
13.070,-8.642059,-6.882021,-1.209618,-8.082731,0.762582
13.080,-8.650730,-11.173144,-1.234955,-8.169370,-2.533698
13.090,-8.660285,-9.770039,-1.241741,-8.208033,-0.678564
13.100,-8.670740,-9.936164,-1.256095,-8.256662,-1.435404
13.110,-8.682113,-7.063078,-1.255497,-8.232204,0.059844
13.120,-8.694417,-9.129853,-1.267675,-8.262092,-1.217799
13.130,-8.707667,-8.362108,-1.272173,-8.268501,-0.449861
13.140,-8.721877,-6.003241,-1.276347,-8.227285,-0.417325
13.150,-8.737061,-6.579184,-1.271333,-8.189410,0.501331
13.160,-8.753230,-9.157533,-1.283625,-8.220819,-1.229179
13.170,-8.770397,-10.445385,-1.292288,-8.273800,-0.866316
13.180,-8.788573,-5.950386,-1.316854,-8.251406,-2.456603
13.190,-8.807768,-6.873040,-1.321041,-8.227942,-0.418648
13.200,-8.827993,-12.843635,-1.341868,-8.340666,-2.082747
13.210,-8.849255,-9.632140,-1.362140,-8.386362,-2.027176
13.220,-8.871564,-8.457776,-1.379154,-8.404464,-1.701404
13.230,-8.894927,-6.947853,-1.409551,-8.405121,-3.039676
13.240,-8.919352,-6.644098,-1.426678,-8.386686,-1.712772
13.250,-8.944843,-8.235078,-1.438967,-8.395696,-1.228819
13.260,-8.971407,-7.508289,-1.457726,-8.396332,-1.875963
13.270,-8.999049,-8.838707,-1.492620,-8.439376,-3.489385
13.280,-9.027773,-10.712402,-1.516876,-8.508607,-2.425637
13.290,-9.057581,-9.710742,-1.535292,-8.550698,-1.841584
13.300,-9.088477,-9.040999,-1.575757,-8.600159,-4.046434
13.310,-9.120462,-9.207160,-1.610885,-8.646725,-3.512838
13.320,-9.153537,-13.867470,-1.631493,-8.771336,-2.060845
13.330,-9.187704,-10.181412,-1.658044,-8.825557,-2.655057
13.340,-9.222960,-9.082446,-1.684549,-8.856670,-2.650533
13.350,-9.259306,-9.962731,-1.700563,-8.894484,-1.601341
13.360,-9.296739,-9.913798,-1.728790,-8.942533,-2.822697
13.370,-9.335257,-8.115278,-1.756585,-8.953227,-2.779533
13.380,-9.374856,-12.072249,-1.769037,-9.027810,-1.245179
13.390,-9.415532,-13.485638,-1.805960,-9.153152,-3.692304
13.400,-9.457281,-10.327705,-1.848625,-9.218455,-4.266532
13.410,-9.500097,-7.589811,-1.882549,-9.219127,-3.392359
13.420,-9.543973,-5.325090,-1.917440,-9.175439,-3.489106
13.430,-9.588903,-7.633582,-1.961106,-9.187395,-4.366633
13.440,-9.634878,-13.305537,-2.009859,-9.317536,-4.875326
13.450,-9.681891,-10.262809,-2.032907,-9.359029,-2.304792
13.460,-9.729931,-9.088345,-2.072842,-9.392751,-3.993493
13.470,-9.778990,-9.335012,-2.122263,-9.440029,-4.942064
13.480,-9.829056,-8.480795,-2.159499,-9.457336,-3.723655
13.490,-9.880118,-12.172740,-2.205927,-9.557142,-4.642703
13.500,-9.932164,-9.769806,-2.254481,-9.608979,-4.855432
13.510,-9.985181,-8.934374,-2.297478,-9.637624,-4.299732
13.520,-10.039155,-7.974977,-2.356259,-9.661977,-5.878091
13.530,-10.094072,-12.108368,-2.402820,-9.756534,-4.656061
13.540,-10.149918,-11.012810,-2.437818,-9.815958,-3.499850
13.550,-10.206677,-16.966221,-2.485295,-10.005491,-4.747726
13.560,-10.264331,-11.817986,-2.540400,-10.095743,-5.510430
13.570,-10.322866,-11.633903,-2.597422,-10.182388,-5.702205
13.580,-10.382262,-12.931223,-2.654522,-10.293323,-5.710056
13.590,-10.442501,-10.028471,-2.711206,-10.343576,-5.668354
13.600,-10.503566,-10.643429,-2.769695,-10.406892,-5.848899
13.610,-10.565435,-16.213469,-2.818626,-10.570976,-4.893082
13.620,-10.628088,-10.089318,-2.889527,-10.630826,-7.090118
13.630,-10.691506,-13.012316,-2.940419,-10.728330,-5.089249
13.640,-10.755665,-9.541443,-3.001977,-10.764919,-6.155714
13.650,-10.820545,-14.025173,-3.058189,-10.885212,-5.621279
13.660,-10.886122,-10.811106,-3.127119,-10.951281,-6.892995
13.670,-10.952373,-11.660281,-3.177066,-11.014409,-4.994702
13.680,-11.019274,-10.261519,-3.228315,-11.049575,-5.124879
13.690,-11.086801,-10.775057,-3.282465,-11.097152,-5.415015
13.700,-11.154928,-11.792838,-3.356998,-11.184108,-7.453253
13.710,-11.223630,-15.064310,-3.413341,-11.316928,-5.634321
13.720,-11.292880,-14.985900,-3.473614,-11.449375,-6.027255
13.730,-11.362652,-12.822370,-3.550475,-11.552159,-7.686176
13.740,-11.432919,-11.453619,-3.615170,-11.613589,-6.469463
13.750,-11.503653,-13.024273,-3.677206,-11.702599,-6.203658
13.760,-11.574825,-10.011795,-3.738135,-11.728492,-6.092829
13.770,-11.646407,-12.344459,-3.802489,-11.803878,-6.435380
13.780,-11.718369,-14.130901,-3.866296,-11.912950,-6.380750
13.790,-11.790681,-12.485922,-3.920980,-11.978000,-5.468392
13.800,-11.863314,-11.298665,-3.977950,-12.020243,-5.696955
13.810,-11.936237,-11.124025,-4.067938,-12.090508,-8.998837
13.820,-12.009418,-7.313470,-4.137772,-12.063404,-6.983421
13.830,-12.082826,-13.755100,-4.206595,-12.164685,-6.882293
13.840,-12.156430,-12.340126,-4.288296,-12.248261,-8.170137
13.850,-12.230196,-11.164886,-4.355374,-12.292329,-6.707743
13.860,-12.304092,-12.362649,-4.413328,-12.350531,-5.795421
13.870,-12.378084,-13.629630,-4.490045,-12.451295,-7.671690
13.880,-12.452140,-16.325283,-4.555425,-12.592847,-6.537958
13.890,-12.526226,-13.803312,-4.630834,-12.690958,-7.540982
13.900,-12.600307,-15.284563,-4.704271,-12.814798,-7.343665
13.910,-12.674348,-16.990865,-4.760457,-12.953381,-5.618571
13.920,-12.748316,-14.737513,-4.832711,-13.059873,-7.225389
13.930,-12.822175,-15.439905,-4.896800,-13.170281,-6.408910
13.940,-12.895890,-11.436424,-4.979394,-13.216546,-8.259443
13.950,-12.969425,-11.466695,-5.031922,-13.233027,-5.252831
13.960,-13.042744,-15.302442,-5.094294,-13.335540,-6.237182
13.970,-13.115811,-13.766382,-5.162677,-13.411172,-6.838303
13.980,-13.188590,-17.834196,-5.224690,-13.560404,-6.201226
13.990,-13.261044,-14.496894,-5.302242,-13.655135,-7.755218
14.000,-13.333137,-12.335682,-5.358675,-13.684051,-5.643360
14.010,-13.404832,-11.342487,-5.426744,-13.703927,-6.806900
14.020,-13.476091,-15.258709,-5.493400,-13.800346,-6.665587
14.030,-13.546878,-10.917241,-5.561866,-13.809780,-6.846552
14.040,-13.617156,-17.406386,-5.630515,-13.948988,-6.864911
14.050,-13.686886,-16.805956,-5.688396,-14.062851,-5.788071
14.060,-13.756032,-11.981877,-5.749183,-14.080803,-6.078747
14.070,-13.824556,-9.646753,-5.806163,-14.047962,-5.697978
14.080,-13.892419,-12.658840,-5.867748,-14.080533,-6.158551
14.090,-13.959586,-14.060442,-5.924442,-14.135691,-5.669324
14.100,-14.026017,-19.513977,-5.987837,-14.305384,-6.339560
14.110,-14.091676,-19.147793,-6.029252,-14.442819,-4.141519
14.120,-14.156523,-13.832999,-6.100219,-14.500171,-7.096700
14.130,-14.220523,-15.115679,-6.147688,-14.559000,-4.746887
14.140,-14.283636,-17.048224,-6.193396,-14.653579,-4.570826
14.150,-14.345826,-14.181994,-6.255923,-14.705423,-6.252634
14.160,-14.407054,-14.119226,-6.292818,-14.729856,-3.689489
14.170,-14.467284,-12.106244,-6.338565,-14.722217,-4.574772
14.180,-14.526477,-14.184972,-6.383453,-14.755462,-4.488775
14.190,-14.584598,-11.513612,-6.434794,-14.740939,-5.134067
14.200,-14.641607,-14.621622,-6.486967,-14.789682,-5.217356
14.210,-14.697469,-14.985807,-6.537912,-14.843531,-5.094497
14.220,-14.752147,-12.091366,-6.582855,-14.832531,-4.494263
14.230,-14.805603,-17.251705,-6.618473,-14.915820,-3.561797
14.240,-14.857801,-7.821683,-6.662574,-14.817157,-4.410112
14.250,-14.908706,-13.970562,-6.714105,-14.850725,-5.153118
14.260,-14.958281,-14.006208,-6.750402,-14.869405,-3.629625
14.270,-15.006489,-13.693749,-6.784540,-14.879348,-3.413877
14.280,-15.053297,-10.360455,-6.819392,-14.823125,-3.485156
14.290,-15.098667,-13.117399,-6.852062,-14.821028,-3.267051
14.300,-15.142566,-19.155206,-6.891375,-14.946238,-3.931271
14.310,-15.184958,-11.676282,-6.934428,-14.923031,-4.305338
14.320,-15.225809,-16.078050,-6.975437,-14.986320,-4.100893
14.330,-15.265084,-14.997197,-7.020992,-15.031181,-4.555506
14.340,-15.302751,-18.500886,-7.049943,-15.128947,-2.895014
14.350,-15.338776,-14.023271,-7.079797,-15.136090,-2.985448
14.360,-15.373125,-17.001561,-7.110812,-15.203795,-3.101509
14.370,-15.405766,-15.155342,-7.160228,-15.251253,-4.941598
14.380,-15.436667,-16.146915,-7.194221,-15.302480,-3.399336
14.390,-15.465796,-10.653264,-7.207482,-15.222491,-1.326026
14.400,-15.493121,-10.537470,-7.233207,-15.154001,-2.572495
14.410,-15.518612,-15.402329,-7.248880,-15.174327,-1.567342
14.420,-15.542237,-15.382293,-7.276684,-15.205734,-2.780356
14.430,-15.563968,-16.497575,-7.279942,-15.234764,-0.325854
14.440,-15.583774,-12.818758,-7.293923,-15.200146,-1.398118
14.450,-15.601626,-16.423926,-7.302464,-15.232991,-0.854059
14.460,-15.617496,-16.670839,-7.292722,-15.252201,0.974168
14.470,-15.631355,-13.184873,-7.287431,-15.205669,0.529110
14.480,-15.643176,-16.988924,-7.294673,-15.248431,-0.724156
14.490,-15.652933,-15.747321,-7.302129,-15.265717,-0.745671
14.500,-15.660598,-19.613875,-7.305341,-15.355827,-0.321110
14.510,-15.666147,-13.905671,-7.299738,-15.321333,0.560221
14.520,-15.669552,-10.817385,-7.296902,-15.228475,0.283597
14.530,-15.670791,-13.867728,-7.294207,-15.198619,0.269491
14.540,-15.669839,-12.015341,-7.274410,-15.115552,1.979718
14.550,-15.666672,-17.781927,-7.265038,-15.159695,0.937205
14.560,-15.661267,-15.070456,-7.234107,-15.127598,3.093095
14.570,-15.653603,-18.011503,-7.218577,-15.170056,1.553055
14.580,-15.643658,-16.213072,-7.187198,-15.160165,3.137874
14.590,-15.631411,-13.700882,-7.164931,-15.109158,2.226688
14.600,-15.616841,-15.362290,-7.135487,-15.085366,2.944402
14.610,-15.599930,-19.131533,-7.117192,-15.148360,1.829464
14.620,-15.580658,-18.868231,-7.097561,-15.203519,1.963116
14.630,-15.559008,-19.011917,-7.065035,-15.247811,3.252639
14.640,-15.534961,-14.306329,-7.025873,-15.190603,3.916177
14.650,-15.508501,-10.348764,-6.991877,-15.060450,3.399637
14.660,-15.479612,-12.073466,-6.966057,-14.975407,2.581980
14.670,-15.448279,-20.188242,-6.938377,-15.052537,2.768042
14.680,-15.414487,-11.861797,-6.908765,-14.959703,2.961111
14.690,-15.378223,-13.037221,-6.879399,-14.892474,2.936637
14.700,-15.339472,-19.202722,-6.832524,-14.932742,4.687504
14.710,-15.298224,-16.056228,-6.775021,-14.898858,5.750322
14.720,-15.254467,-12.515661,-6.724110,-14.801302,5.091040
14.730,-15.208189,-13.832105,-6.688651,-14.747168,3.545962
14.740,-15.159381,-18.432118,-6.634099,-14.767406,5.455164
14.750,-15.108033,-13.581178,-6.576780,-14.687509,5.731892
14.760,-15.054138,-20.397890,-6.498839,-14.725335,7.794088
14.770,-14.997688,-15.554743,-6.446765,-14.690890,5.207457
14.780,-14.938675,-12.093783,-6.383593,-14.577040,6.317143
14.790,-14.877094,-14.831108,-6.301079,-14.501257,8.251444
14.800,-14.812940,-16.060283,-6.226036,-14.458895,7.504300
14.810,-14.746207,-12.522842,-6.147507,-14.343216,7.852920
14.820,-14.676894,-12.240015,-6.069985,-14.225180,7.752203
14.830,-14.604997,-11.329898,-5.988155,-14.087081,8.182989
14.840,-14.530513,-12.344657,-5.900157,-13.965995,8.799770
14.850,-14.453443,-11.750006,-5.822269,-13.845345,7.788810
14.860,-14.373785,-12.541514,-5.728294,-13.727172,9.397546
14.870,-14.291541,-13.627720,-5.649741,-13.648201,7.855298
14.880,-14.206711,-13.982939,-5.554992,-13.562043,9.474815
14.890,-14.119299,-14.712448,-5.458860,-13.490841,9.613267
14.900,-14.029306,-17.060227,-5.366509,-13.471725,9.235045
14.910,-13.936737,-16.325016,-5.266836,-13.431111,9.967303
14.920,-13.841597,-14.546633,-5.169393,-13.357928,9.744275
14.930,-13.743891,-13.140261,-5.072981,-13.259091,9.641203
14.940,-13.643626,-10.041594,-4.968269,-13.092123,10.471245
14.950,-13.540808,-13.645301,-4.867012,-13.003954,10.125751
14.960,-13.435447,-10.926756,-4.751800,-12.849503,11.521135
14.970,-13.327550,-10.629261,-4.645842,-12.701259,10.595851
14.980,-13.217128,-13.795745,-4.522467,-12.602241,12.337505
14.990,-13.104192,-11.617466,-4.411730,-12.474024,11.073646
15.000,-12.988752,-13.597572,-4.293575,-12.380702,11.815515
15.010,-12.870821,-9.565481,-4.173402,-12.206628,12.017326
15.020,-12.750412,-11.160803,-4.035159,-12.050234,13.824236
15.030,-12.627538,-15.603748,-3.902419,-11.991219,13.274032
15.040,-12.502216,-12.098404,-3.771573,-11.865134,13.084583
15.050,-12.374459,-8.254179,-3.632618,-11.656739,13.895525
15.060,-12.244285,-12.697362,-3.512101,-11.559444,12.051702
15.070,-12.111710,-10.992422,-3.372680,-11.411471,13.942103
15.080,-11.976753,-10.612055,-3.214561,-11.240526,15.811942
15.090,-11.839431,-14.430989,-3.069008,-11.161694,14.555218
15.100,-11.699766,-10.422996,-2.921637,-11.002497,14.737090
15.110,-11.557776,-15.042364,-2.768111,-10.932838,15.352613
15.120,-11.413484,-12.977544,-2.609513,-10.818306,15.859798
15.130,-11.266910,-8.577602,-2.471790,-10.638524,13.772322
15.140,-11.118078,-10.226187,-2.329299,-10.490636,14.249115
15.150,-10.967010,-11.728205,-2.169444,-10.358729,15.985516
15.160,-10.813732,-9.697579,-2.014791,-10.193947,15.465238
15.170,-10.658268,-10.808498,-1.841750,-10.036657,17.304092
15.180,-10.500643,-10.469196,-1.679580,-9.886381,16.217068
15.190,-10.340883,-8.698837,-1.528243,-9.714320,15.133647
15.200,-10.179017,-11.997436,-1.369481,-9.604396,15.876184
15.210,-10.015071,-9.914230,-1.220508,-9.464599,14.897365
15.220,-9.849075,-10.629745,-1.049374,-9.320190,17.113434
15.230,-9.681057,-13.645065,-0.875866,-9.236650,17.350704
15.240,-9.511047,-11.812186,-0.702271,-9.118038,17.359498
15.250,-9.339075,-5.418559,-0.514704,-8.860232,18.756741
15.260,-9.165174,-8.203366,-0.324265,-8.660465,19.043871
15.270,-8.989374,-12.298345,-0.142896,-8.555481,18.136943
15.280,-8.811709,-12.662595,0.024608,-8.473469,16.750416
15.290,-8.632211,-8.912621,0.215944,-8.294743,19.133567
15.300,-8.450914,-4.547948,0.408566,-8.031038,19.262195
15.310,-8.267853,-8.734748,0.600967,-7.856559,19.240116
15.320,-8.083062,-4.815563,0.800457,-7.600239,19.948956
15.330,-7.896577,-7.016750,0.984451,-7.408254,18.399492
15.340,-7.708435,-6.530309,1.195474,-7.183893,21.102298
15.350,-7.518671,-10.857973,1.384354,-7.072272,18.887991
15.360,-7.327324,-4.983517,1.588468,-6.830465,20.411397
15.370,-7.134431,-7.971761,1.774617,-6.670866,18.614818
15.380,-6.940030,-4.782299,1.968310,-6.443275,19.369302
15.390,-6.744161,-8.779586,2.183025,-6.279581,21.471515
15.400,-6.546862,-6.104239,2.384931,-6.078206,20.190645
15.410,-6.348174,-5.468166,2.597014,-5.858164,21.208238
15.420,-6.148136,-6.533219,2.805601,-5.667250,20.858743
15.430,-5.946790,-4.935427,3.012741,-5.449616,20.713989
15.440,-5.744177,-6.410170,3.232878,-5.253093,22.013666
15.450,-5.540338,-7.162988,3.441415,-5.086925,20.853700
15.460,-5.335316,-1.321608,3.638761,-4.818219,19.734647
15.470,-5.129153,-2.506771,3.845047,-4.569830,20.628586
15.480,-4.921893,-6.824055,4.063244,-4.401081,21.819762
15.490,-4.713577,-3.292467,4.281229,-4.165283,21.798500
15.500,-4.504251,-6.360948,4.484503,-4.009988,20.327349
15.510,-4.293957,-7.255669,4.695463,-3.868161,21.096008
15.520,-4.082741,-1.498218,4.908464,-3.612021,21.300142
15.530,-3.870647,-8.130896,5.124051,-3.491123,21.558702
15.540,-3.657720,-1.340580,5.332365,-3.243964,20.831396
15.550,-3.444004,-4.075810,5.547425,-3.049843,21.505942
15.560,-3.229547,-3.758413,5.762402,-2.853337,21.497699
15.570,-3.014393,-1.990015,5.990054,-2.612972,22.765174
15.580,-2.798588,-1.345591,6.218634,-2.363616,22.857993
15.590,-2.582179,-4.648037,6.440155,-2.192213,22.152163
15.600,-2.365212,-0.570898,6.660242,-1.944102,22.008641
15.610,-2.147733,-1.864307,6.885072,-1.722173,22.483002
15.620,-1.929790,-5.069927,7.102691,-1.575861,21.761904
15.630,-1.711430,-2.136116,7.318062,-1.376003,21.537096
15.640,-1.492699,1.960498,7.535432,-1.096250,21.737064
15.650,-1.273645,2.917842,7.755546,-0.800257,22.011341
15.660,-1.054315,0.739056,7.971682,-0.557657,21.613622
15.670,-0.834757,-3.810616,8.198627,-0.400310,22.694511
15.680,-0.615018,0.611499,8.430270,-0.153063,23.164342
15.690,-0.395146,1.732006,8.643489,0.093592,21.321835
15.700,-0.175188,1.639082,8.869667,0.346156,22.617797
15.710,0.044808,2.007194,9.093898,0.599124,22.423158
15.720,0.264794,1.172952,9.322588,0.834716,22.868959
15.730,0.484723,0.303692,9.548361,1.045353,22.577279
15.740,0.704547,-0.816372,9.762479,1.217955,21.411866
15.750,0.924218,-3.820621,9.977951,1.328346,21.547190
15.760,1.143689,1.992793,10.203534,1.562706,22.558244
15.770,1.362912,1.828044,10.436840,1.796652,23.330588
15.780,1.581840,2.975780,10.643883,2.023137,20.704335
15.790,1.800426,-1.543433,10.871040,2.174419,22.715663
15.800,2.018622,3.631164,11.104534,2.432379,23.349464
15.810,2.236381,7.372744,11.326827,2.749034,22.229333
15.820,2.453657,2.649782,11.554240,2.969913,22.741220
15.830,2.670402,2.516239,11.771072,3.173335,21.683243
15.840,2.886571,3.659077,11.991974,3.399534,22.090201
15.850,3.102116,8.182959,12.200217,3.699281,20.824333
15.860,3.316992,0.757873,12.401981,3.838181,20.176357
15.870,3.531153,4.039170,12.629303,4.064977,22.732234
15.880,3.744553,1.745409,12.840420,4.225480,21.111662
15.890,3.957146,2.589634,13.054943,4.402996,21.452346
15.900,4.168888,4.044912,13.261146,4.597912,20.620228
15.910,4.379734,7.748042,13.466241,4.861908,20.509552
15.920,4.589638,9.092115,13.680263,5.156254,21.402169
15.930,4.798558,5.918914,13.888832,5.375904,20.856885
15.940,5.006449,4.064963,14.105210,5.561737,21.637865
15.950,5.213268,11.445115,14.321092,5.890968,21.588128
15.960,5.418971,4.350085,14.534783,6.069567,21.369093
15.970,5.623516,4.195677,14.746636,6.239706,21.185355
15.980,5.826861,1.389503,14.967982,6.359620,22.134536
15.990,6.028963,9.519192,15.166901,6.617753,19.891922
16.000,6.229781,8.650395,15.372617,6.860007,20.571596
16.010,6.429274,12.473788,15.586488,7.181877,21.387159
16.020,6.627401,3.153593,15.800029,7.310581,21.354064
16.030,6.824122,10.469549,15.990654,7.560573,19.062457
16.040,7.019398,7.194737,16.188688,7.747330,19.803479
16.050,7.213190,9.228440,16.398583,7.982649,20.989464
16.060,7.405458,3.286015,16.600135,8.086237,20.155195
16.070,7.596164,11.266369,16.797604,8.343360,19.746921
16.080,7.785272,9.751564,16.990152,8.560221,19.254809
16.090,7.972743,7.875468,17.179717,8.732299,18.956486
16.100,8.158542,9.771324,17.372968,8.942465,19.325052
16.110,8.342633,6.428895,17.560167,9.075650,18.719964
16.120,8.524980,7.076379,17.747284,9.219039,18.711684
16.130,8.705548,7.546936,17.933575,9.368161,18.629066
16.140,8.884303,4.252484,18.111983,9.440688,17.840789
16.150,9.061213,11.215609,18.298210,9.658688,18.622688
16.160,9.236243,12.215227,18.501598,9.909140,20.338862
16.170,9.409362,7.656002,18.665530,10.024730,16.393168
16.180,9.580538,10.451046,18.844311,10.208462,17.878132
16.190,9.749741,9.085889,19.012430,10.350767,16.811875
16.200,9.916939,10.737624,19.189230,10.531769,17.680062
16.210,10.082103,8.513160,19.359736,10.658492,17.050575
16.220,10.245205,8.036642,19.533888,10.776724,17.415148
16.230,10.406217,13.036404,19.709244,10.993767,17.535620
16.240,10.565110,10.405433,19.874604,11.144053,16.535991
16.250,10.721858,15.777130,20.045323,11.404019,17.071894
16.260,10.876435,10.992210,20.186047,11.533692,14.072444
16.270,11.028815,8.713620,20.356041,11.643885,16.999381
16.280,11.178975,14.246327,20.514079,11.850811,15.803786
16.290,11.326890,12.903890,20.675483,12.030048,16.140383
16.300,11.472537,13.289719,20.816226,12.193170,14.074312
16.310,11.615894,14.592396,20.957781,12.379878,14.155509
16.320,11.756940,10.124949,21.104828,12.478886,14.704673
16.330,11.895653,11.577519,21.248228,12.601391,14.340053
16.340,12.032013,11.603389,21.391668,12.722001,14.343940
16.350,12.166002,8.939136,21.539138,12.790865,14.747020
16.360,12.297602,11.638626,21.661411,12.887648,12.227354
16.370,12.426793,15.767742,21.803181,13.084184,14.176988
16.380,12.553560,13.146905,21.934794,13.214420,13.161321
16.390,12.677887,9.312734,22.062263,13.261306,12.746875
16.400,12.799758,8.910160,22.177130,13.286853,11.486735
16.410,12.919159,17.081100,22.305314,13.488358,12.818397
16.420,13.036077,12.810280,22.407671,13.575106,10.235689
16.430,13.150499,11.531973,22.532026,13.656111,12.435477
16.440,13.262413,12.577433,22.636743,13.737160,10.471714
16.450,13.371807,9.678538,22.751301,13.768254,11.455736
16.460,13.478672,17.036410,22.861943,13.942047,11.064223
16.470,13.582998,12.600366,22.980352,14.031254,11.840876
16.480,13.684777,17.103281,23.085424,14.195665,10.507193
16.490,13.784000,13.913130,23.183813,14.286436,9.838946
16.500,13.880662,17.454492,23.281138,14.445175,9.732464
16.510,13.974755,14.616492,23.390127,14.555411,10.898975
16.520,14.066275,16.199357,23.490649,14.686801,10.052148
16.530,14.155218,15.952950,23.581215,14.800879,9.056649
16.540,14.241578,15.799806,23.670393,14.908251,8.917724
16.550,14.325355,15.195191,23.746339,14.988418,7.594636
16.560,14.406546,13.824419,23.835344,15.052363,8.900505
16.570,14.485150,19.273736,23.904576,15.204637,6.923156
16.580,14.561166,12.293824,23.991313,15.231424,8.673747
16.590,14.634596,14.645365,24.070479,15.297285,7.916610
16.600,14.705440,14.742655,24.165128,15.378948,9.464860
16.610,14.773702,15.779804,24.229298,15.449852,6.417042
16.620,14.839383,13.765702,24.298870,15.484350,6.957221
16.630,14.902489,15.689355,24.381076,15.569012,8.220611
16.640,14.963023,14.540917,24.455859,15.621737,7.478233
16.650,15.020991,11.066110,24.512978,15.586601,5.711885
16.660,15.076400,15.100281,24.574902,15.637560,6.192434
16.670,15.129257,12.377843,24.632502,15.628814,5.760017
16.680,15.179569,10.843604,24.689802,15.589264,5.729973
16.690,15.227345,15.569528,24.736726,15.634854,4.692366
16.700,15.272595,16.492303,24.786003,15.700295,4.927745
16.710,15.315329,16.632074,24.820700,15.752934,3.469719
16.720,15.355558,16.773485,24.866764,15.818487,4.606363
16.730,15.393294,10.561822,24.912860,15.758528,4.609607
16.740,15.428550,12.026007,24.951063,15.721316,3.820279
16.750,15.461338,20.395142,24.975704,15.838942,2.464170
16.760,15.491674,12.873652,25.018729,15.821800,4.302481
16.770,15.519571,17.046674,25.054332,15.881188,3.560242
16.780,15.545046,13.827702,25.078795,15.864093,2.446370
16.790,15.568115,15.767297,25.104425,15.887274,2.562930
16.800,15.588795,14.005659,25.117913,15.862860,1.348840
16.810,15.607103,17.010956,25.132841,15.900452,1.492823
16.820,15.623058,15.964993,25.149327,15.917898,1.648555
16.830,15.636679,14.515954,25.177618,15.917585,2.829141
16.840,15.647986,13.022555,25.188662,15.870508,1.104418
16.850,15.656999,16.326435,25.207661,15.898245,1.899889
16.860,15.663740,12.631943,25.214970,15.840082,0.730911
16.870,15.668230,16.736933,25.226330,15.869152,1.135980
16.880,15.670493,22.236705,25.232359,16.002410,0.602841
16.890,15.670550,19.045975,25.244309,16.074994,1.195077
16.900,15.668425,17.464295,25.242828,16.101328,-0.148143
16.910,15.664144,15.450125,25.230900,16.076614,-1.192780
16.920,15.657730,10.810848,25.218378,15.959027,-1.252259
16.930,15.649210,12.343494,25.210562,15.879057,-0.781566
16.940,15.638609,18.845591,25.194942,15.923080,-1.562039
16.950,15.625954,13.651564,25.190555,15.873351,-0.438657
16.960,15.611272,13.863142,25.177148,15.820007,-1.340730
16.970,15.594592,15.180465,25.184478,15.814401,0.733081
16.980,15.575940,12.920824,25.156954,15.729555,-2.752412
16.990,15.555347,12.488425,25.143034,15.651091,-1.392067
17.000,15.532841,15.406655,25.116563,15.620260,-2.647117
17.010,15.508452,13.279628,25.093300,15.550650,-2.326255
17.020,15.482210,13.629664,25.073279,15.492610,-2.002131
17.030,15.454146,13.501169,25.031717,15.412050,-4.156202
17.040,15.424292,16.730192,25.008877,15.416030,-2.283944
17.050,15.392678,14.812364,24.997623,15.392928,-1.125399
17.060,15.359337,14.912907,24.965807,15.352148,-3.181574
17.070,15.324302,16.816666,24.938019,15.354206,-2.778813
17.080,15.287604,14.932505,24.914707,15.322926,-2.331258
17.090,15.249278,14.553643,24.880271,15.273793,-3.443556
17.100,15.209356,16.385482,24.840921,15.257464,-3.934986
17.110,15.167873,16.838368,24.786469,15.235719,-5.445223
17.120,15.124864,14.757180,24.753841,15.194173,-3.262818
17.130,15.080361,15.281881,24.713704,15.156593,-4.013650
17.140,15.034401,13.079926,24.664932,15.067262,-4.877265
17.150,14.987019,12.835311,24.623869,14.982382,-4.106314
17.160,14.938250,16.861118,24.575754,14.972804,-4.811452
17.170,14.888129,16.000484,24.526748,14.945332,-4.900583
17.180,14.836693,15.974939,24.485523,14.925523,-4.122539
17.190,14.783977,15.486113,24.427479,14.879852,-5.804380
17.200,14.730019,14.845527,24.387296,14.839787,-4.018275
17.210,14.674855,16.415885,24.326366,14.811596,-6.093063
17.220,14.618521,16.956293,24.270164,14.799413,-5.620176
17.230,14.561054,16.839124,24.233533,14.804309,-3.663059
17.240,14.502493,14.250548,24.189461,14.750043,-4.407218
17.250,14.442872,17.910354,24.136111,14.760966,-5.334977
17.260,14.382231,14.953383,24.073454,14.703411,-6.265704
17.270,14.320607,15.901547,24.013123,14.668249,-6.033169
17.280,14.258036,14.963256,23.956684,14.618839,-5.643845
17.290,14.194558,14.812074,23.899070,14.566242,-5.761398
17.300,14.130208,12.290828,23.839577,14.462431,-5.949296
17.310,14.065026,15.818403,23.779750,14.430920,-5.982678
17.320,13.999048,21.112284,23.717679,14.503717,-6.207152
17.330,13.932313,12.995325,23.645048,14.402371,-7.263101
17.340,13.864857,14.042344,23.579120,14.330561,-6.592822
17.350,13.796720,12.681207,23.523977,14.243534,-5.514241
17.360,13.727939,12.507889,23.449946,14.136270,-7.403171
17.370,13.658550,17.519674,23.384756,14.140052,-6.518953
17.380,13.588592,11.906165,23.313974,14.026009,-7.078168
17.390,13.518103,12.332902,23.250128,13.929577,-6.384600
17.400,13.447119,9.478387,23.181807,13.773598,-6.832172
17.410,13.375678,11.481648,23.127975,13.675004,-5.383219
17.420,13.303816,9.032816,23.065974,13.521400,-6.200033
17.430,13.231572,14.811083,22.989062,13.471819,-7.691220
17.440,13.158981,20.158224,22.927686,13.545399,-6.137603
17.450,13.086080,12.169383,22.854451,13.446109,-7.323462
17.460,13.012906,8.846011,22.782543,13.283636,-7.190861
17.470,12.939495,15.189494,22.717542,13.258052,-6.500121
17.480,12.865882,11.048570,22.645913,13.143666,-7.162900
17.490,12.792105,16.040472,22.585213,13.142116,-6.069980
17.500,12.718197,12.013124,22.511062,13.046869,-7.415099
17.510,12.644195,11.064656,22.438078,12.935700,-7.298364
17.520,12.570133,12.125239,22.364753,12.847632,-7.332540
17.530,12.496046,14.390488,22.292145,12.807334,-7.260740
17.540,12.421968,11.853417,22.232883,12.730179,-5.926243
17.550,12.347934,11.106122,22.169917,12.635991,-6.296541
17.560,12.273977,11.776898,22.115695,12.565671,-5.422254
17.570,12.200130,9.020492,22.066061,12.446126,-4.963409
17.580,12.126426,13.119005,21.990199,12.385240,-7.586137
17.590,12.052899,7.586082,21.923339,12.223734,-6.686027
17.600,11.979579,10.869275,21.846730,12.121567,-7.660922
17.610,11.906499,13.804962,21.773565,12.083534,-7.316488
17.620,11.833691,12.591312,21.701867,12.023425,-7.169794
17.630,11.761185,13.236986,21.627070,11.974395,-7.479706
17.640,11.689011,11.526397,21.552663,11.892516,-7.440718
17.650,11.617201,14.541566,21.485894,11.880064,-6.676880
17.660,11.545782,13.857530,21.410953,11.846171,-7.494139
17.670,11.474785,12.590138,21.352918,11.804176,-5.803489
17.680,11.404238,13.723103,21.281268,11.772338,-7.164984
17.690,11.334170,13.210229,21.239929,11.760583,-4.133932
17.700,11.264607,10.165948,21.173021,11.663121,-6.690768
17.710,11.195576,7.835829,21.110847,11.525644,-6.217440
17.720,11.127106,12.178011,21.038306,11.467601,-7.254095
17.730,11.059220,12.424443,20.990374,11.439765,-4.793147
17.740,10.991945,13.718125,20.938373,11.434371,-5.200102
17.750,10.925306,8.584503,20.880439,11.320599,-5.793396
17.760,10.859327,8.593249,20.810027,11.197048,-7.041198
17.770,10.794031,11.943782,20.752770,11.155871,-5.725709
17.780,10.729442,10.551524,20.685574,11.077932,-6.719594
17.790,10.665582,5.951178,20.639789,10.930527,-4.578552
17.800,10.602473,11.540243,20.589540,10.893477,-5.024910
17.810,10.540137,5.909079,20.534363,10.739716,-5.517650
17.820,10.478593,8.115452,20.459735,10.614095,-7.462805
17.830,10.417862,13.797066,20.397553,10.616817,-6.218173
17.840,10.357964,14.920162,20.349583,10.655872,-4.797065
17.850,10.298917,7.259776,20.306673,10.545899,-4.290963
17.860,10.240739,9.417260,20.263811,10.481322,-4.286161
17.870,10.183447,10.290003,20.200235,10.415191,-6.357629
17.880,10.127058,14.580126,20.152718,10.451923,-4.751664
17.890,10.071589,8.839417,20.111840,10.379612,-4.087813
17.900,10.017054,8.824844,20.050513,10.288416,-6.132714
17.910,9.963468,13.835282,20.003346,10.313129,-4.716760
17.920,9.910845,8.973872,19.959402,10.243279,-4.394394
17.930,9.859199,11.664703,19.911843,10.225101,-4.755823
17.940,9.808541,6.115684,19.852869,10.085117,-5.897465
17.950,9.758884,9.330802,19.807112,10.025189,-4.575672
17.960,9.710239,5.561247,19.762359,9.892053,-4.475261
17.970,9.662616,7.024031,19.720068,9.793247,-4.229175
17.980,9.616024,11.714028,19.675489,9.787975,-4.457864
17.990,9.570474,9.445710,19.632919,9.739411,-4.257009
18.000,9.525972,8.728208,19.594628,9.681662,-3.829092
18.010,9.482527,7.610653,19.561254,9.607535,-3.337379
18.020,9.440146,8.888505,19.522972,9.555638,-3.828263
18.030,9.398833,10.151616,19.484919,9.530266,-3.805254
18.040,9.358595,11.815885,19.451959,9.543678,-3.295976
18.050,9.319436,2.756569,19.403974,9.360910,-4.798500
18.060,9.281359,7.201957,19.376257,9.290569,-2.771704
18.070,9.244369,9.642110,19.345806,9.267758,-3.045080
18.080,9.208467,8.961309,19.316767,9.233170,-2.903978
18.090,9.173654,10.182095,19.296185,9.231978,-2.058128
18.100,9.139933,9.808783,19.253386,9.201571,-4.279906
18.110,9.107301,8.345132,19.211510,9.143403,-4.187686
18.120,9.075760,7.758627,19.188703,9.093358,-2.280644
18.130,9.045308,8.431554,19.164737,9.056635,-2.396625
18.140,9.015942,11.887797,19.143274,9.092224,-2.146284
18.150,8.987659,7.157639,19.117835,9.028602,-2.543944
18.160,8.960457,8.803440,19.102485,9.009056,-1.534973
18.170,8.934330,9.392686,19.090355,9.004841,-1.213028
18.180,8.909274,12.810151,19.075703,9.066588,-1.465178
18.190,8.885283,8.134512,19.056154,9.028789,-1.954866
18.200,8.862350,11.259367,19.022885,9.040797,-3.326881
18.210,8.840468,11.920417,19.013679,9.089367,-0.920624
18.220,8.819630,8.660244,19.009132,9.076329,-0.454744
18.230,8.799826,8.273028,19.000997,9.052290,-0.813494
18.240,8.781047,7.958413,18.981688,9.011490,-1.930839
18.250,8.763283,8.123725,18.975817,8.987981,-0.587114
18.260,8.746524,10.882123,18.972439,9.022553,-0.337860
18.270,8.730757,9.308282,18.975633,9.031399,0.319456
18.280,8.715972,9.304196,18.960323,9.021850,-1.531044
18.290,8.702154,5.889096,18.951171,8.950226,-0.915194
18.300,8.689291,6.270566,18.950756,8.896227,-0.041467
18.310,8.677369,14.035986,18.945755,8.994121,-0.500059
18.320,8.666372,8.221807,18.932275,8.965464,-1.348064
18.330,8.656285,6.719355,18.931952,8.920225,-0.032301
18.340,8.647092,12.224840,18.933827,8.988155,0.187502
18.350,8.638776,9.343297,18.932645,8.994100,-0.118196
18.360,8.631320,10.076708,18.933367,9.016459,0.072195
18.370,8.624707,8.279589,18.931095,8.999496,-0.227172
18.380,8.618916,7.822233,18.943533,8.988139,1.243791
18.390,8.613930,8.189964,18.937733,8.966492,-0.579959
18.400,8.609728,5.152883,18.935215,8.887752,-0.251844
18.410,8.606290,8.386472,18.938237,8.880688,0.302152
18.420,8.603595,9.343678,18.948934,8.900431,1.069755
18.430,8.601622,13.227780,18.941332,8.979527,-0.760257
18.440,8.600348,8.815346,18.935914,8.970934,-0.541782
18.450,8.599751,2.764309,18.925342,8.836441,-1.057201
18.460,8.599808,8.364844,18.931975,8.833510,0.663324
18.470,8.600495,15.449255,18.930018,8.963907,-0.195684
18.480,8.601787,10.767703,18.934525,9.004400,0.450669
18.490,8.603661,6.576438,18.947967,8.969014,1.344268
18.500,8.606090,10.083857,18.951530,8.994802,0.356245
18.510,8.609050,6.754017,18.962592,8.960828,1.106230
18.520,8.612514,5.227996,18.969900,8.893333,0.730825
18.530,8.616456,7.745533,18.985444,8.885610,1.554398
18.540,8.620849,8.849665,18.999849,8.899008,1.440497
18.550,8.625664,3.945275,19.005327,8.805302,0.547770
18.560,8.630875,5.757977,19.015372,8.754199,1.004511
18.570,8.636453,8.662292,19.035469,8.772056,2.009696
18.580,8.642369,7.621936,19.050687,8.763967,1.521788
18.590,8.648594,9.635623,19.051877,8.782566,0.118979
18.600,8.655100,5.618429,19.069752,8.736802,1.787548
18.610,8.661856,10.447140,19.073941,8.775113,0.418878
18.620,8.668831,5.709433,19.098312,8.737683,2.437064
18.630,8.675997,12.782832,19.119749,8.839595,2.143763
18.640,8.683321,4.393925,19.135457,8.766075,1.570735
18.650,8.690773,5.959387,19.150215,8.724404,1.475839
18.660,8.698322,9.741749,19.162124,8.756422,1.190910
18.670,8.705936,12.866519,19.181183,8.857301,1.905869
18.680,8.713583,9.501191,19.191864,8.880647,1.068147
18.690,8.721231,10.128376,19.207382,8.920809,1.551727
18.700,8.728848,8.772691,19.227942,8.937996,2.056082
18.710,8.736402,6.170406,19.236953,8.891475,0.901094
18.720,8.743859,7.518513,19.245417,8.872309,0.846311
18.730,8.751187,5.721413,19.249109,8.812910,0.369205
18.740,8.758353,5.561578,19.253661,8.752344,0.455240
18.750,8.765324,9.769696,19.251890,8.770956,-0.177101
18.760,8.772065,5.964120,19.270339,8.732899,1.844938
18.770,8.778545,9.577430,19.297143,8.776057,2.680318
18.780,8.784729,5.530172,19.320565,8.734093,2.342203
18.790,8.790584,9.531541,19.319229,8.748733,-0.133540
18.800,8.796076,7.574369,19.336321,8.741996,1.709227
18.810,8.801171,12.317710,19.358578,8.835322,2.225668
18.820,8.805835,9.615133,19.365356,8.857561,0.677793
18.830,8.810036,11.899493,19.376119,8.928947,1.076275
18.840,8.813738,6.924621,19.369492,8.882366,-0.662703
18.850,8.816908,8.957266,19.380513,8.894665,1.102113
18.860,8.819512,6.366794,19.380309,8.843907,-0.020389
18.870,8.821517,7.787504,19.389594,8.831879,0.928528
18.880,8.822889,8.167628,19.384143,8.813251,-0.545149
18.890,8.823593,7.008948,19.394840,8.787649,1.069733
18.900,8.823597,5.784840,19.408673,8.741149,1.383339
18.910,8.822868,5.289075,19.407295,8.670757,-0.137873
18.920,8.821371,2.972001,19.402302,8.551889,-0.499253
18.930,8.819074,6.178207,19.388340,8.490732,-1.396233
18.940,8.815943,10.384677,19.388644,8.528910,0.030456
18.950,8.811945,4.815699,19.385545,8.451608,-0.309970
18.960,8.807049,5.386742,19.373774,8.378775,-1.177055
18.970,8.801220,13.278467,19.377088,8.480017,0.331388
18.980,8.794428,7.203188,19.372198,8.449688,-0.489014
18.990,8.786640,9.589255,19.361290,8.461789,-1.090836
19.000,8.777823,10.383616,19.353507,8.492598,-0.778290
19.010,8.767947,10.424262,19.357655,8.535297,0.414878
19.020,8.756980,4.951194,19.356951,8.462925,-0.070471
19.030,8.744891,8.167241,19.349245,8.449459,-0.770589
19.040,8.731649,4.686080,19.346364,8.371368,-0.288094
19.050,8.717223,14.833018,19.328044,8.482648,-1.831948
19.060,8.701584,4.714396,19.318043,8.397482,-1.000159
19.070,8.684702,6.065101,19.307703,8.340701,-1.033997
19.080,8.666547,6.065045,19.291138,8.278954,-1.656450
19.090,8.647090,4.905439,19.280500,8.201059,-1.063828
19.100,8.626303,12.007788,19.258790,8.255917,-2.171006
19.110,8.604157,14.660277,19.246029,8.371499,-1.276077
19.120,8.580625,7.391252,19.232204,8.338346,-1.382488
19.130,8.555678,5.254620,19.189200,8.234527,-4.300469
19.140,8.529290,2.936976,19.177600,8.117208,-1.159944
19.150,8.501434,7.891162,19.130616,8.066643,-4.698377
19.160,8.472084,7.681171,19.101579,8.030477,-2.903781
19.170,8.441215,6.812975,19.084140,7.989037,-1.743874
19.180,8.408801,8.962239,19.054403,7.979359,-2.973682
19.190,8.374818,9.362751,19.013894,7.967327,-4.050942
19.200,8.339241,9.146950,18.974759,7.952567,-3.913511
19.210,8.302048,7.511735,18.950960,7.920428,-2.379861
19.220,8.263214,5.509159,18.901923,7.824146,-4.903733
19.230,8.222717,9.887300,18.875616,7.839628,-2.630705
19.240,8.180536,8.211820,18.838140,7.810346,-3.747517
19.250,8.136648,10.357542,18.789850,7.813966,-4.829000
19.260,8.091034,10.066223,18.744698,7.814761,-4.515277
19.270,8.043673,4.489267,18.694315,7.698877,-5.038257
19.280,7.994544,4.408989,18.657224,7.596730,-3.709122
19.290,7.943631,6.054779,18.617267,7.526733,-3.995653
19.300,7.890913,5.250249,18.555885,7.421049,-6.138225
19.310,7.836373,9.724502,18.503197,7.415483,-5.268813
19.320,7.779994,8.658268,18.444985,7.383291,-5.821210
19.330,7.721759,10.469719,18.402163,7.403054,-4.282187
19.340,7.661654,8.652871,18.336313,7.363518,-6.584954
19.350,7.599662,8.121286,18.292205,7.335447,-4.410849
19.360,7.535769,10.535094,18.233089,7.341506,-5.911635
19.370,7.469962,8.644280,18.163022,7.298896,-7.006655
19.380,7.402227,7.572479,18.094899,7.237607,-6.812306
19.390,7.332552,11.033685,18.023835,7.243887,-7.106361
19.400,7.260926,7.548878,17.947031,7.174718,-7.680469
19.410,7.187337,6.426485,17.879214,7.093293,-6.781677
19.420,7.111775,5.017217,17.798838,6.973003,-8.037619
19.430,7.034231,8.791795,17.708855,6.921196,-8.998239
19.440,6.954696,10.047322,17.631284,6.907698,-7.757182
19.450,6.873162,6.746694,17.540324,6.815337,-9.095982
19.460,6.789622,10.059411,17.455760,6.797346,-8.456369
19.470,6.704069,1.779032,17.367925,6.610902,-8.783476
19.480,6.616498,6.477865,17.278373,6.520480,-8.955254
19.490,6.526904,6.426666,17.209772,6.451375,-6.860056
19.500,6.435282,4.617796,17.123586,6.330241,-8.618623
19.510,6.341629,12.301281,17.036879,6.364689,-8.670685
19.520,6.245942,6.080461,16.931964,6.256187,-10.491554
19.530,6.148220,5.128893,16.833991,6.137629,-9.797207
19.540,6.048461,6.113367,16.740937,6.045950,-9.305463
19.550,5.946666,0.939632,16.635927,5.840914,-10.500986
19.560,5.842834,3.943164,16.544342,5.713206,-9.158481
19.570,5.736967,8.195067,16.433837,5.654548,-11.050487
19.580,5.629067,4.056704,16.328632,5.519490,-10.520573
19.590,5.519138,3.446950,16.219000,5.370600,-10.963143
19.600,5.407181,8.680996,16.113348,5.333268,-10.565258
19.610,5.293203,8.643839,15.999237,5.287652,-11.411032
19.620,5.177209,6.469685,15.886070,5.200389,-11.316711
19.630,5.059203,3.921410,15.771174,5.062211,-11.489608
19.640,4.939195,4.340517,15.650292,4.929313,-12.088194
19.650,4.817190,2.806815,15.537174,4.776007,-11.311780
19.660,4.693197,2.206265,15.420100,4.609880,-11.707428
19.670,4.567227,1.956186,15.298437,4.437576,-12.166345
19.680,4.439288,2.894152,15.172076,4.282873,-12.636088
19.690,4.309393,1.722590,15.053579,4.115541,-11.849626
19.700,4.177551,0.268288,14.924885,3.912476,-12.869462
19.710,4.043777,4.592283,14.793697,3.797508,-13.118800
19.720,3.908082,4.494571,14.663887,3.684235,-12.980973
19.730,3.770482,8.022464,14.544914,3.654406,-11.897295
19.740,3.630991,1.960145,14.399762,3.478273,-14.515167
19.750,3.489625,4.229876,14.269625,3.365770,-13.013716
19.760,3.346399,4.128180,14.116333,3.230792,-15.329180
19.770,3.201332,2.566738,13.978092,3.082035,-13.824112
19.780,3.054440,4.915274,13.848899,2.992090,-12.919322
19.790,2.905744,4.843817,13.709219,2.892239,-13.968003
19.800,2.755262,3.573789,13.565219,2.764750,-14.400006
19.810,2.603014,1.963915,13.413615,2.600161,-15.160375
19.820,2.449021,1.555196,13.265010,2.433628,-14.860556
19.830,2.293306,-1.126079,13.112428,2.212904,-15.258215
19.840,2.135890,0.121096,12.953885,2.015696,-15.854238
19.850,1.976797,0.421778,12.797646,1.830704,-15.623897
19.860,1.816050,-0.993879,12.643672,1.623317,-15.397407
19.870,1.653675,2.753484,12.480357,1.485872,-16.331505
19.880,1.489695,4.481265,12.315139,1.383866,-16.521810
19.890,1.324139,-0.946017,12.143925,1.169479,-17.121397
19.900,1.157031,1.865635,11.985182,1.027833,-15.874335
19.910,0.988401,-1.596877,11.826166,0.819503,-15.901596
19.920,0.818274,0.055969,11.663159,0.644487,-16.300626
19.930,0.646681,-1.079142,11.504569,0.454596,-15.859011
19.940,0.473651,1.978391,11.337539,0.321381,-16.703073
19.950,0.299214,-1.397756,11.171549,0.124329,-16.598942
19.960,0.123400,2.652551,11.003494,0.010199,-16.805564
19.970,-0.053759,-0.668060,10.830946,-0.172463,-17.254787
19.980,-0.232231,-1.856240,10.653587,-0.379951,-17.735908
19.990,-0.411984,-3.545247,10.497547,-0.596175,-15.603962
