time,setpoint,altitude,velocity,acceleration,thrust,error
0,10,0.0005,0.05,5,22.215,9.9995
0.01,10,0.0015,0.1,5,22.215,9.9985
0.02,10,0.003,0.15,5,22.215,9.997
0.03,10,0.005,0.2,5,22.215,9.995
0.04,10,0.0075,0.25,5,22.215,9.9925
0.05,10,0.0105,0.3,5,22.215,9.9895
0.06,10,0.014,0.35,5,22.215,9.986
0.07,10,0.018,0.4,5,22.215,9.982
0.08,10,0.0225,0.45,5,22.215,9.9775
0.09,10,0.0275,0.5,5,22.215,9.9725
0.1,10,0.033,0.55,5,22.215,9.967
0.11,10,0.039,0.6,5,22.215,9.961
0.12,10,0.0455,0.65,5,22.215,9.9545
0.13,10,0.0525,0.7,5,22.215,9.9475
0.14,10,0.06,0.75,5,22.215,9.94
0.15,10,0.068,0.8,5,22.215,9.932
0.16,10,0.0765,0.85,5,22.215,9.9235
0.17,10,0.0855,0.9,5,22.215,9.9145
0.18,10,0.095,0.95,5,22.215,9.905
0.19,10,0.105,1,5,22.215,9.895
0.2,10,0.1155,1.05,5,22.215,9.8845
0.21,10,0.1265,1.1,5,22.215,9.8735
0.22,10,0.138,1.15,5,22.215,9.862
0.23,10,0.15,1.2,5,22.215,9.85
0.24,10,0.1625,1.25,5,22.215,9.8375
0.25,10,0.1755,1.3,5,22.215,9.8245
0.26,10,0.189,1.35,5,22.215,9.811
0.27,10,0.203,1.4,5,22.215,9.797
0.28,10,0.2175,1.45,5,22.215,9.7825
0.29,10,0.2325,1.5,5,22.215,9.7675
0.3,10,0.248,1.55,5,22.215,9.752
0.31,10,0.264,1.6,5,22.215,9.736
0.32,10,0.2805,1.65,5,22.215,9.7195
0.33,10,0.2975,1.7,5,22.215,9.7025
0.34,10,0.315,1.75,5,22.215,9.685
0.35,10,0.333,1.8,5,22.215,9.667
0.36,10,0.3515,1.85,5,22.215,9.6485
0.37,10,0.3705,1.9,5,22.215,9.6295
0.38,10,0.39,1.95,5,22.215,9.61
0.39,10,0.41,2,5,22.215,9.59
0.4,10,0.4305,2.05,5,22.215,9.5695
0.41,10,0.4515,2.1,5,22.215,9.5485
0.42,10,0.473,2.15,5,22.215,9.527
0.43,10,0.495,2.2,5,22.215,9.505
0.44,10,0.5175,2.25,5,22.215,9.4825
0.45,10,0.5405,2.3,5,22.215,9.4595
0.46,10,0.564,2.35,5,22.215,9.436
0.47,10,0.588,2.4,5,22.215,9.412
0.48,10,0.6125,2.45,5,22.215,9.3875
0.49,10,0.6375,2.5,5,22.215,9.3625
0.5,10,0.663,2.55,5,22.215,9.337
0.51,10,0.689,2.6,5,22.215,9.311
0.52,10,0.7155,2.65,5,22.215,9.2845
0.53,10,0.7425,2.7,5,22.215,9.2575
0.54,10,0.77,2.75,5,22.215,9.23
0.55,10,0.798,2.8,5,22.215,9.202
0.56,10,0.8265,2.85,5,22.215,9.1735
0.57,10,0.8555,2.9,5,22.215,9.1445
0.58,10,0.885,2.95,5,22.215,9.115
0.59,10,0.915,3,5,22.215,9.085
0.6,10,0.9455,3.05,5,22.215,9.0545
0.61,10,0.9765,3.1,5,22.215,9.0235
0.62,10,1.008,3.15,5,22.215,8.992
0.63,10,1.04,3.2,5,22.215,8.96
0.64,10,1.0725,3.25,5,22.215,8.9275
0.65,10,1.1055,3.3,5,22.215,8.8945
0.66,10,1.139,3.35,5,22.215,8.861
0.67,10,1.173,3.4,5,22.215,8.827
0.68,10,1.2075,3.45,5,22.215,8.7925
0.69,10,1.2425,3.5,5,22.215,8.7575
0.7,10,1.278,3.55,5,22.215,8.722
0.71,10,1.314,3.6,5,22.215,8.686
0.72,10,1.3505,3.65,5,22.215,8.6495
0.73,10,1.3875,3.7,5,22.215,8.6125
0.74,10,1.425,3.75,5,22.215,8.575
0.75,10,1.463,3.8,5,22.215,8.537
0.76,10,1.5015,3.85,5,22.215,8.4985
0.77,10,1.5405,3.9,5,22.215,8.4595
0.78,10,1.58,3.95,5,22.215,8.42
0.79,10,1.62,4,5,22.215,8.38
0.8,10,1.6605,4.05,5,22.215,8.3395
0.81,10,1.7015,4.1,5,22.215,8.2985
0.82,10,1.743,4.15,5,22.215,8.257
0.83,10,1.785,4.2,5,22.215,8.215
0.84,10,1.8275,4.25,5,22.215,8.1725
0.85,10,1.8705,4.3,5,22.215,8.1295
0.86,10,1.914,4.35,5,22.215,8.086
0.87,10,1.958,4.4,5,22.215,8.042
0.88,10,2.0025,4.45,5,22.215,7.9975
0.89,10,2.0475,4.5,5,22.215,7.9525
0.9,10,2.093,4.55,5,22.215,7.907
0.91,10,2.139,4.6,5,22.215,7.861
0.92,10,2.1855,4.65,5,22.215,7.8145
0.93,10,2.2325,4.7,5,22.215,7.7675
0.94,10,2.28,4.75,5,22.215,7.72
0.95,10,2.328,4.8,5,22.215,7.672
0.96,10,2.3765,4.85,5,22.215,7.6235
0.97,10,2.4255,4.9,5,22.215,7.5745
0.98,10,2.475,4.95,5,22.215,7.525
0.99,10,2.525,5,5,22.215,7.475
1,10,2.5755,5.05,5,22.215,7.4245
1.01,10,2.6265,5.1,5,22.215,7.3735
1.02,10,2.678,5.15,5,22.215,7.322
1.03,10,2.73,5.2,5,22.215,7.27
1.04,10,2.7825,5.25,5,22.215,7.2175
1.05,10,2.8355,5.3,5,22.215,7.1645
1.06,10,2.889,5.35,5,22.215,7.111
1.07,10,2.943,5.4,5,22.215,7.057
1.08,10,2.9975,5.45,5,22.215,7.0025
1.09,10,3.0525,5.5,5,22.215,6.9475
1.1,10,3.108,5.55,5,22.215,6.892
1.11,10,3.164,5.6,5,22.215,6.836
1.12,10,3.2205,5.65,5,22.215,6.7795
1.13,10,3.2775,5.7,5,22.215,6.7225
1.14,10,3.335,5.75,5,22.215,6.665
1.15,10,3.393,5.8,5,22.215,6.607
1.16,10,3.4515,5.85,5,22.215,6.5485
1.17,10,3.5105,5.9,5,22.215,6.4895
1.18,10,3.57,5.95,5,22.215,6.43
1.19,10,3.63,6,5,22.215,6.37
1.2,10,3.6905,6.05,5,22.215,6.3095
1.21,10,3.7515,6.1,5,22.215,6.2485
1.22,10,3.813,6.15,5,22.215,6.187
1.23,10,3.875,6.2,5,22.215,6.125
1.24,10,3.9375,6.25,5,22.215,6.0625
1.25,10,4.0005,6.3,5,22.215,5.9995
1.26,10,4.064,6.35,5,22.215,5.936
1.27,10,4.128,6.4,5,22.215,5.872
1.28,10,4.1925,6.45,5,22.215,5.8075
1.29,10,4.2575,6.5,5,22.215,5.7425
1.3,10,4.323,6.55,5,22.215,5.677
1.31,10,4.389,6.6,5,22.215,5.611
1.32,10,4.4555,6.65,5,22.215,5.5445
1.33,10,4.5225,6.7,5,22.215,5.4775
1.34,10,4.59,6.75,5,22.215,5.41
1.35,10,4.658,6.8,5,22.215,5.342
1.36,10,4.7265,6.85,5,22.215,5.2735
1.37,10,4.7955,6.9,5,22.215,5.2045
1.38,10,4.865,6.95,5,22.215,5.135
1.39,10,4.935,7,5,22.215,5.065
1.4,10,5.00549,7.0493,4.93,22.11,4.99451
1.41,10,5.07646,7.0966,4.72985,21.8098,4.92354
1.42,10,5.14788,7.14191,4.53116,21.5117,4.85212
1.43,10,5.21973,7.18525,4.33395,21.2159,4.78027
1.44,10,5.292,7.22663,4.13824,20.9224,4.708
1.45,10,5.36466,7.26607,3.94405,20.6311,4.63534
1.46,10,5.43769,7.30359,3.7514,20.3421,4.56231
1.47,10,5.51109,7.33919,3.56031,20.0555,4.48891
1.48,10,5.58481,7.3729,3.3708,19.7712,4.41519
1.49,10,5.65886,7.40473,3.18289,19.4893,4.34114
1.5,10,5.73321,7.43469,2.9966,19.2099,4.26679
1.51,10,5.80784,7.46281,2.81195,18.9329,4.19216
1.52,10,5.88273,7.4891,2.62895,18.6584,4.11727
1.53,10,5.95786,7.51358,2.44762,18.3864,4.04214
1.54,10,6.03323,7.53626,2.26798,18.117,3.96677
1.55,10,6.1088,7.55716,2.09004,17.8501,3.8912
1.56,10,6.18456,7.5763,1.91382,17.5857,3.81544
1.57,10,6.2605,7.59369,1.73932,17.324,3.7395
1.58,10,6.33659,7.60936,1.56658,17.0649,3.66341
1.59,10,6.41282,7.62331,1.39559,16.8084,3.58718
1.6,10,6.48918,7.63557,1.22638,16.5546,3.51082
1.61,10,6.56564,7.64616,1.05895,16.3034,3.43436
1.62,10,6.64219,7.6551,0.89332,16.055,3.35781
1.63,10,6.71882,7.66239,0.729498,15.8092,3.28118
1.64,10,6.7955,7.66807,0.567496,15.5662,3.2045
1.65,10,6.87222,7.67214,0.407325,15.326,3.12778
1.66,10,6.94896,7.67463,0.248994,15.0885,3.05104
1.67,10,7.02572,7.67556,0.0925134,14.8538,2.97428
1.68,10,7.10247,7.67493,-0.0621079,14.6218,2.89753
1.69,10,7.1792,7.67279,-0.214861,14.3927,2.8208
1.7,10,7.25589,7.66913,-0.365739,14.1664,2.74411
1.71,10,7.33253,7.66398,-0.514732,13.9429,2.66747
1.72,10,7.4091,7.65736,-0.661835,13.7222,2.5909
1.73,10,7.4856,7.64929,-0.80704,13.5044,2.5144
1.74,10,7.56199,7.63979,-0.950342,13.2895,2.43801
1.75,10,7.63828,7.62887,-1.09173,13.0774,2.36172
1.76,10,7.71445,7.61656,-1.23121,12.8682,2.28555
1.77,10,7.79048,7.60287,-1.36877,12.6618,2.20952
1.78,10,7.86635,7.58783,-1.5044,12.4584,2.13365
1.79,10,7.94207,7.57145,-1.6381,12.2578,2.05793
1.8,10,8.01761,7.55375,-1.76987,12.0602,1.98239
1.81,10,8.09295,7.53475,-1.89971,11.8654,1.90705
1.82,10,8.1681,7.51448,-2.02761,11.6736,1.8319
1.83,10,8.24303,7.49294,-2.15357,11.4846,1.75697
1.84,10,8.31773,7.47016,-2.27758,11.2986,1.68227
1.85,10,8.39219,7.44617,-2.39966,11.1155,1.60781
1.86,10,8.4664,7.42097,-2.51978,10.9353,1.5336
1.87,10,8.54035,7.39459,-2.63797,10.7581,1.45965
1.88,10,8.61402,7.36705,-2.7542,10.5837,1.38598
1.89,10,8.6874,7.33836,-2.86849,10.4123,1.3126
1.9,10,8.76049,7.30855,-2.98084,10.2437,1.23951
1.91,10,8.83326,7.27764,-3.09124,10.0781,1.16674
1.92,10,8.90572,7.24565,-3.1997,9.91546,1.09428
1.93,10,8.97785,7.21258,-3.30621,9.75568,1.02215
1.94,10,9.04963,7.17847,-3.41079,9.59881,0.95037
1.95,10,9.12106,7.14334,-3.51343,9.44485,0.878936
1.96,10,9.19214,7.1072,-3.61414,9.2938,0.807864
1.97,10,9.26284,7.07007,-3.71291,9.14563,0.737164
1.98,10,9.33316,7.03197,-3.80976,9.00036,0.666844
1.99,10,9.40309,6.99293,-3.90468,8.85798,0.596915
2,10,9.47261,6.95295,-3.99768,8.71848,0.527385
2.01,10,9.54174,6.91206,-4.08877,8.58185,0.458265
2.02,10,9.61044,6.87028,-4.17794,8.44808,0.389562
2.03,10,9.67871,6.82763,-4.26521,8.31718,0.321286
2.04,10,9.74656,6.78412,-4.35058,8.18912,0.253444
2.05,10,9.81395,6.73978,-4.43406,8.06391,0.186047
2.06,10,9.8809,6.69463,-4.51565,7.94153,0.1191
2.07,10,9.94739,6.64867,-4.59535,7.82197,0.0526135
2.08,10,10.0134,6.60194,-4.67318,7.70523,-0.0134059
2.09,10,10.079,6.55445,-4.7492,7.59121,-0.0789504
2.1,10,10.144,6.50621,-4.82361,7.47959,-0.144013
2.11,10,10.2086,6.45725,-4.89643,7.37036,-0.208585
2.12,10,10.2727,6.40757,-4.96765,7.26353,-0.272661
2.13,10,10.3362,6.35757,-5,7.215,-0.336236
2.14,10,10.3993,6.30757,-5,7.215,-0.399312
2.15,10,10.4619,6.25757,-5,7.215,-0.461888
2.16,10,10.524,6.20757,-5,7.215,-0.523964
2.17,10,10.5855,6.15757,-5,7.215,-0.585539
2.18,10,10.6466,6.10757,-5,7.215,-0.646615
2.19,10,10.7072,6.05757,-5,7.215,-0.707191
2.2,10,10.7673,6.00757,-5,7.215,-0.767267
2.21,10,10.8268,5.95757,-5,7.215,-0.826842
2.22,10,10.8859,5.90757,-5,7.215,-0.885918
2.23,10,10.9445,5.85757,-5,7.215,-0.944494
2.24,10,11.0026,5.80757,-5,7.215,-1.00257
2.25,10,11.0601,5.75757,-5,7.215,-1.06015
2.26,10,11.1172,5.70757,-5,7.215,-1.11722
2.27,10,11.1738,5.65757,-5,7.215,-1.1738
2.28,10,11.2299,5.60757,-5,7.215,-1.22987
2.29,10,11.2854,5.55757,-5,7.215,-1.28545
2.3,10,11.3405,5.50757,-5,7.215,-1.34052
2.31,10,11.3951,5.45757,-5,7.215,-1.3951
2.32,10,11.4492,5.40757,-5,7.215,-1.44918
2.33,10,11.5028,5.35757,-5,7.215,-1.50275
2.34,10,11.5558,5.30757,-5,7.215,-1.55583
2.35,10,11.6084,5.25757,-5,7.215,-1.6084
2.36,10,11.6605,5.20757,-5,7.215,-1.66048
2.37,10,11.7121,5.15757,-5,7.215,-1.71205
2.38,10,11.7631,5.10757,-5,7.215,-1.76313
2.39,10,11.8137,5.05757,-5,7.215,-1.81371
2.4,10,11.8638,5.00757,-5,7.215,-1.86378
2.41,10,11.9134,4.95757,-5,7.215,-1.91336
2.42,10,11.9624,4.90757,-5,7.215,-1.96243
2.43,10,12.011,4.85757,-5,7.215,-2.01101
2.44,10,12.0591,4.80757,-5,7.215,-2.05908
2.45,10,12.1067,4.75757,-5,7.215,-2.10666
2.46,10,12.1537,4.70757,-5,7.215,-2.15374
2.47,10,12.2003,4.65757,-5,7.215,-2.20031
2.48,10,12.2464,4.60757,-5,7.215,-2.24639
2.49,10,12.292,4.55757,-5,7.215,-2.29196
2.5,10,12.337,4.50757,-5,7.215,-2.33704
2.51,10,12.3816,4.45757,-5,7.215,-2.38161
2.52,10,12.4257,4.40757,-5,7.215,-2.42569
2.53,10,12.4693,4.35757,-5,7.215,-2.46927
2.54,10,12.5123,4.30757,-5,7.215,-2.51234
2.55,10,12.5549,4.25757,-5,7.215,-2.55492
2.56,10,12.597,4.20757,-5,7.215,-2.59699
2.57,10,12.6386,4.15757,-5,7.215,-2.63857
2.58,10,12.6796,4.10757,-5,7.215,-2.67964
2.59,10,12.7202,4.05757,-5,7.215,-2.72022
2.6,10,12.7603,4.00757,-5,7.215,-2.7603
2.61,10,12.7999,3.95757,-5,7.215,-2.79987
2.62,10,12.8389,3.90757,-5,7.215,-2.83895
2.63,10,12.8775,3.85757,-5,7.215,-2.87752
2.64,10,12.9156,3.80757,-5,7.215,-2.9156
2.65,10,12.9532,3.75757,-5,7.215,-2.95317
2.66,10,12.9903,3.70757,-5,7.215,-2.99025
2.67,10,13.0268,3.65757,-5,7.215,-3.02683
2.68,10,13.0629,3.60757,-5,7.215,-3.0629
2.69,10,13.0985,3.55757,-5,7.215,-3.09848
2.7,10,13.1336,3.50757,-5,7.215,-3.13355
2.71,10,13.1681,3.45757,-5,7.215,-3.16813
2.72,10,13.2022,3.40757,-5,7.215,-3.2022
2.73,10,13.2358,3.35757,-5,7.215,-3.23578
2.74,10,13.2689,3.30757,-5,7.215,-3.26886
2.75,10,13.3014,3.25757,-5,7.215,-3.30143
2.76,10,13.3335,3.20757,-5,7.215,-3.33351
2.77,10,13.3651,3.15757,-5,7.215,-3.36508
2.78,10,13.3962,3.10757,-5,7.215,-3.39616
2.79,10,13.4267,3.05757,-5,7.215,-3.42673
2.8,10,13.4568,3.00757,-5,7.215,-3.45681
2.81,10,13.4864,2.95757,-5,7.215,-3.48639
2.82,10,13.5155,2.90757,-5,7.215,-3.51546
2.83,10,13.544,2.85757,-5,7.215,-3.54404
2.84,10,13.5721,2.80757,-5,7.215,-3.57211
2.85,10,13.5997,2.75757,-5,7.215,-3.59969
2.86,10,13.6268,2.70757,-5,7.215,-3.62676
2.87,10,13.6533,2.65757,-5,7.215,-3.65334
2.88,10,13.6794,2.60757,-5,7.215,-3.67942
2.89,10,13.705,2.55757,-5,7.215,-3.70499
2.9,10,13.7301,2.50757,-5,7.215,-3.73007
2.91,10,13.7546,2.45757,-5,7.215,-3.75464
2.92,10,13.7787,2.40757,-5,7.215,-3.77872
2.93,10,13.8023,2.35757,-5,7.215,-3.80229
2.94,10,13.8254,2.30757,-5,7.215,-3.82537
2.95,10,13.8479,2.25757,-5,7.215,-3.84795
2.96,10,13.87,2.20757,-5,7.215,-3.87002
2.97,10,13.8916,2.15757,-5,7.215,-3.8916
2.98,10,13.9127,2.10757,-5,7.215,-3.91267
2.99,10,13.9332,2.05757,-5,7.215,-3.93325
3,10,13.9533,2.00757,-5,7.215,-3.95332
3.01,10,13.9729,1.95757,-5,7.215,-3.9729
3.02,10,13.992,1.90757,-5,7.215,-3.99198
3.03,10,14.0106,1.85757,-5,7.215,-4.01055
3.04,10,14.0286,1.80757,-5,7.215,-4.02863
3.05,10,14.0462,1.75757,-5,7.215,-4.0462
3.06,10,14.0633,1.70757,-5,7.215,-4.06328
3.07,10,14.0799,1.65757,-5,7.215,-4.07985
3.08,10,14.0959,1.60757,-5,7.215,-4.09593
3.09,10,14.1115,1.55757,-5,7.215,-4.11151
3.1,10,14.1266,1.50757,-5,7.215,-4.12658
3.11,10,14.1412,1.45757,-5,7.215,-4.14116
3.12,10,14.1552,1.40757,-5,7.215,-4.15523
3.13,10,14.1688,1.35757,-5,7.215,-4.16881
3.14,10,14.1819,1.30757,-5,7.215,-4.18188
3.15,10,14.1945,1.25757,-5,7.215,-4.19446
3.16,10,14.2065,1.20757,-5,7.215,-4.20654
3.17,10,14.2181,1.15757,-5,7.215,-4.21811
3.18,10,14.2292,1.10757,-5,7.215,-4.22919
3.19,10,14.2398,1.05757,-5,7.215,-4.23976
3.2,10,14.2498,1.00757,-5,7.215,-4.24984
3.21,10,14.2594,0.957573,-5,7.215,-4.25942
3.22,10,14.2685,0.907573,-5,7.215,-4.26849
3.23,10,14.2771,0.857573,-5,7.215,-4.27707
3.24,10,14.2851,0.807573,-5,7.215,-4.28514
3.25,10,14.2927,0.757573,-5,7.215,-4.29272
3.26,10,14.2998,0.707573,-5,7.215,-4.29979
3.27,10,14.3064,0.657573,-5,7.215,-4.30637
3.28,10,14.3124,0.607573,-5,7.215,-4.31245
3.29,10,14.318,0.557573,-5,7.215,-4.31802
3.3,10,14.3231,0.507573,-5,7.215,-4.3231
3.31,10,14.3277,0.457573,-5,7.215,-4.32767
3.32,10,14.3317,0.407573,-5,7.215,-4.33175
3.33,10,14.3353,0.357573,-5,7.215,-4.33532
3.34,10,14.3384,0.307573,-5,7.215,-4.3384
3.35,10,14.341,0.257573,-5,7.215,-4.34098
3.36,10,14.3431,0.207573,-5,7.215,-4.34305
3.37,10,14.3446,0.157573,-5,7.215,-4.34463
3.38,10,14.3457,0.107573,-5,7.215,-4.3457
3.39,10,14.3463,0.0575727,-5,7.215,-4.34628
3.4,10,14.3464,0.00757273,-5,7.215,-4.34635
3.41,10,14.3459,-0.0424273,-5,7.215,-4.34593
3.42,10,14.345,-0.0924273,-5,7.215,-4.34501
3.43,10,14.3436,-0.142427,-5,7.215,-4.34358
3.44,10,14.3417,-0.192427,-5,7.215,-4.34166
3.45,10,14.3392,-0.242427,-5,7.215,-4.33923
3.46,10,14.3363,-0.292427,-5,7.215,-4.33631
3.47,10,14.3329,-0.342427,-5,7.215,-4.33288
3.48,10,14.329,-0.392427,-5,7.215,-4.32896
3.49,10,14.3245,-0.442427,-5,7.215,-4.32454
3.5,10,14.3196,-0.492427,-5,7.215,-4.31961
3.51,10,14.3142,-0.542427,-5,7.215,-4.31419
3.52,10,14.3083,-0.592427,-5,7.215,-4.30826
3.53,10,14.3018,-0.642427,-5,7.215,-4.30184
3.54,10,14.2949,-0.692427,-5,7.215,-4.29491
3.55,10,14.2875,-0.742427,-5,7.215,-4.28749
3.56,10,14.2796,-0.792427,-5,7.215,-4.27957
3.57,10,14.2711,-0.842427,-5,7.215,-4.27114
3.58,10,14.2622,-0.892427,-5,7.215,-4.26222
3.59,10,14.2528,-0.942427,-5,7.215,-4.25279
3.6,10,14.2429,-0.992427,-5,7.215,-4.24287
3.61,10,14.2324,-1.04243,-5,7.215,-4.23244
3.62,10,14.2215,-1.09243,-5,7.215,-4.22152
3.63,10,14.2101,-1.14243,-5,7.215,-4.2101
3.64,10,14.1982,-1.19243,-5,7.215,-4.19817
3.65,10,14.1857,-1.24243,-5,7.215,-4.18575
3.66,10,14.1728,-1.29243,-5,7.215,-4.17282
3.67,10,14.1594,-1.34243,-5,7.215,-4.1594
3.68,10,14.1455,-1.39243,-5,7.215,-4.14547
3.69,10,14.131,-1.44243,-5,7.215,-4.13105
3.7,10,14.1161,-1.49243,-5,7.215,-4.11613
3.71,10,14.1007,-1.54243,-5,7.215,-4.1007
3.72,10,14.0848,-1.59243,-5,7.215,-4.08478
3.73,10,14.0684,-1.64243,-5,7.215,-4.06835
3.74,10,14.0514,-1.69243,-5,7.215,-4.05143
3.75,10,14.034,-1.74235,-4.99194,7.22709,-4.03401
3.76,10,14.0161,-1.79148,-4.91332,7.34501,-4.01609
3.77,10,13.9977,-1.83983,-4.8346,7.4631,-3.99769
3.78,10,13.9788,-1.88738,-4.75578,7.58133,-3.97882
3.79,10,13.9595,-1.93415,-4.67688,7.69969,-3.95948
3.8,10,13.9397,-1.98013,-4.59791,7.81814,-3.93968
3.81,10,13.9194,-2.02532,-4.51889,7.93667,-3.91942
3.82,10,13.8987,-2.06972,-4.43983,8.05525,-3.89872
3.83,10,13.8776,-2.11333,-4.36076,8.17386,-3.87759
3.84,10,13.856,-2.15614,-4.28167,8.29249,-3.85603
3.85,10,13.834,-2.19817,-4.20259,8.41111,-3.83405
3.86,10,13.8117,-2.2394,-4.12353,8.5297,-3.81165
3.87,10,13.7889,-2.27985,-4.04451,8.64823,-3.78886
3.88,10,13.7657,-2.3195,-3.96554,8.7667,-3.76566
3.89,10,13.7421,-2.35837,-3.88662,8.88507,-3.74208
3.9,10,13.7181,-2.39645,-3.80778,9.00333,-3.71811
3.91,10,13.6938,-2.43374,-3.72903,9.12145,-3.69378
3.92,10,13.6691,-2.47024,-3.65038,9.23942,-3.66907
3.93,10,13.644,-2.50596,-3.57185,9.35722,-3.64401
3.94,10,13.6186,-2.5409,-3.49345,9.47483,-3.6186
3.95,10,13.5929,-2.57505,-3.41518,9.59223,-3.59285
3.96,10,13.5668,-2.60842,-3.33707,9.7094,-3.56677
3.97,10,13.5404,-2.64101,-3.25912,9.82631,-3.54036
3.98,10,13.5136,-2.67282,-3.18136,9.94297,-3.51363
3.99,10,13.4866,-2.70386,-3.10378,10.0593,-3.48659
4,10,13.4593,-2.73413,-3.0264,10.1754,-3.45925
4.01,10,13.4316,-2.76362,-2.94924,10.2911,-3.43162
4.02,10,13.4037,-2.79234,-2.8723,10.4065,-3.40369
4.03,10,13.3755,-2.8203,-2.7956,10.5216,-3.37549
4.04,10,13.347,-2.84749,-2.71915,10.6363,-3.34701
4.05,10,13.3183,-2.87392,-2.64296,10.7506,-3.31827
4.06,10,13.2893,-2.89959,-2.56704,10.8644,-3.28928
4.07,10,13.26,-2.9245,-2.4914,10.9779,-3.26003
4.08,10,13.2305,-2.94866,-2.41605,11.0909,-3.23055
4.09,10,13.2008,-2.97207,-2.34101,11.2035,-3.20083
4.1,10,13.1709,-2.99474,-2.26628,11.3156,-3.17088
4.11,10,13.1407,-3.01665,-2.19187,11.4272,-3.14071
4.12,10,13.1103,-3.03783,-2.1178,11.5383,-3.11033
4.13,10,13.0798,-3.05827,-2.04407,11.6489,-3.07975
4.14,10,13.049,-3.07798,-1.9707,11.759,-3.04897
4.15,10,13.018,-3.09696,-1.89768,11.8685,-3.018
4.16,10,12.9869,-3.11521,-1.82504,11.9774,-2.98685
4.17,10,12.9555,-3.13273,-1.75279,12.0858,-2.95552
4.18,10,12.924,-3.14954,-1.68092,12.1936,-2.92403
4.19,10,12.8924,-3.16564,-1.60945,12.3008,-2.89237
4.2,10,12.8606,-3.18102,-1.5384,12.4074,-2.86056
4.21,10,12.8286,-3.1957,-1.46776,12.5134,-2.8286
4.22,10,12.7965,-3.20968,-1.39755,12.6187,-2.79651
4.23,10,12.7643,-3.22295,-1.32777,12.7233,-2.76428
4.24,10,12.7319,-3.23554,-1.25843,12.8274,-2.73192
4.25,10,12.6994,-3.24743,-1.18955,12.9307,-2.69945
4.26,10,12.6669,-3.25864,-1.12112,13.0333,-2.66686
4.27,10,12.6342,-3.26918,-1.05316,13.1353,-2.63417
4.28,10,12.6014,-3.27903,-0.98568,13.2365,-2.60138
4.29,10,12.5685,-3.28822,-0.918676,13.337,-2.5685
4.3,10,12.5355,-3.29674,-0.852162,13.4368,-2.53553
4.31,10,12.5025,-3.3046,-0.786143,13.5358,-2.50248
4.32,10,12.4694,-3.31181,-0.720627,13.6341,-2.46937
4.33,10,12.4362,-3.31837,-0.655621,13.7316,-2.43618
4.34,10,12.4029,-3.32428,-0.591131,13.8283,-2.40294
4.35,10,12.3696,-3.32955,-0.527164,13.9243,-2.36964
4.36,10,12.3363,-3.33419,-0.463726,14.0194,-2.3363
4.37,10,12.3029,-3.33819,-0.400822,14.1138,-2.30292
4.38,10,12.2695,-3.34158,-0.33846,14.2073,-2.2695
4.39,10,12.2361,-3.34434,-0.276645,14.3,-2.23606
4.4,10,12.2026,-3.3465,-0.215383,14.3919,-2.2026
4.41,10,12.1691,-3.34805,-0.154679,14.483,-2.16912
4.42,10,12.1356,-3.34899,-0.094538,14.5732,-2.13563
4.43,10,12.1021,-3.34934,-0.0349662,14.6626,-2.10213
4.44,10,12.0686,-3.3491,0.0240316,14.751,-2.06864
4.45,10,12.0352,-3.34828,0.0824507,14.8387,-2.03516
4.46,10,12.0017,-3.34687,0.140286,14.9254,-2.00169
4.47,10,11.9682,-3.3449,0.197533,15.0113,-1.96824
4.48,10,11.9348,-3.34236,0.254188,15.0963,-1.93482
4.49,10,11.9014,-3.33925,0.310246,15.1804,-1.90142
4.5,10,11.8681,-3.3356,0.365702,15.2636,-1.86807
4.51,10,11.8348,-3.33139,0.420553,15.3458,-1.83475
4.52,10,11.8015,-3.32664,0.474795,15.4272,-1.80149
4.53,10,11.7683,-3.32136,0.528425,15.5076,-1.76827
4.54,10,11.7351,-3.31554,0.581438,15.5872,-1.73512
4.55,10,11.702,-3.30921,0.633831,15.6657,-1.70203
4.56,10,11.669,-3.30235,0.685601,15.7434,-1.669
4.57,10,11.6361,-3.29498,0.736745,15.8201,-1.63605
4.58,10,11.6032,-3.28711,0.787259,15.8959,-1.60318
4.59,10,11.5704,-3.27874,0.837141,15.9707,-1.5704
4.6,10,11.5377,-3.26987,0.886389,16.0446,-1.5377
4.61,10,11.5051,-3.26052,0.934999,16.1175,-1.50509
4.62,10,11.4726,-3.25069,0.982969,16.1895,-1.47258
4.63,10,11.4402,-3.24039,1.0303,16.2604,-1.44018
4.64,10,11.4079,-3.22962,1.07698,16.3305,-1.40788
4.65,10,11.3757,-3.21839,1.12302,16.3995,-1.3757
4.66,10,11.3436,-3.20671,1.16841,16.4676,-1.34363
4.67,10,11.3117,-3.19458,1.21315,16.5347,-1.31169
4.68,10,11.2799,-3.182,1.25723,16.6008,-1.27987
4.69,10,11.2482,-3.169,1.30067,16.666,-1.24818
4.7,10,11.2166,-3.15556,1.34345,16.7302,-1.21662
4.71,10,11.1852,-3.14171,1.38557,16.7934,-1.1852
4.72,10,11.1539,-3.12744,1.42704,16.8556,-1.15393
4.73,10,11.1228,-3.11276,1.46784,16.9168,-1.1228
4.74,10,11.0918,-3.09768,1.50799,16.977,-1.09183
4.75,10,11.061,-3.0822,1.54748,17.0362,-1.061
4.76,10,11.0303,-3.06634,1.58631,17.0945,-1.03034
4.77,10,10.9998,-3.0501,1.62448,17.1517,-0.99984
4.78,10,10.9695,-3.03348,1.66199,17.208,-0.969505
4.79,10,10.9393,-3.01649,1.69884,17.2633,-0.93934
4.8,10,10.9093,-2.99914,1.73503,17.3175,-0.909349
4.81,10,10.8795,-2.98143,1.77055,17.3708,-0.879534
4.82,10,10.8499,-2.96338,1.80542,17.4231,-0.849901
4.83,10,10.8205,-2.94498,1.83962,17.4744,-0.820451
4.84,10,10.7912,-2.92625,1.87316,17.5247,-0.791188
4.85,10,10.7621,-2.90719,1.90604,17.5741,-0.762116
4.86,10,10.7332,-2.88781,1.93827,17.6224,-0.733238
4.87,10,10.7046,-2.86811,1.96983,17.6697,-0.704557
4.88,10,10.6761,-2.8481,2.00074,17.7161,-0.676076
4.89,10,10.6478,-2.82779,2.03098,17.7615,-0.647798
4.9,10,10.6197,-2.80718,2.06058,17.8059,-0.619727
4.91,10,10.5919,-2.78629,2.08952,17.8493,-0.591864
4.92,10,10.5642,-2.76511,2.1178,17.8917,-0.564213
4.93,10,10.5368,-2.74366,2.14543,17.9331,-0.536776
4.94,10,10.5096,-2.72193,2.17241,17.9736,-0.509557
4.95,10,10.4826,-2.69995,2.19874,18.0131,-0.482557
4.96,10,10.4558,-2.6777,2.22443,18.0516,-0.45578
4.97,10,10.4292,-2.65521,2.24947,18.0892,-0.429228
4.98,10,10.4029,-2.63247,2.27386,18.1258,-0.402903
4.99,10,10.3768,-2.60949,2.29761,18.1614,-0.376808
5,10,10.3509,-2.58629,2.32072,18.1961,-0.350946
5.01,10,10.3253,-2.56285,2.34319,18.2298,-0.325317
5.02,10,10.2999,-2.5392,2.36503,18.2625,-0.299925
5.03,10,10.2748,-2.51534,2.38624,18.2944,-0.274772
5.04,10,10.2499,-2.49127,2.40681,18.3252,-0.249859
5.05,10,10.2252,-2.467,2.42675,18.3551,-0.225189
5.06,10,10.2008,-2.44254,2.44607,18.3841,-0.200763
5.07,10,10.1766,-2.4179,2.46477,18.4122,-0.176584
5.08,10,10.1527,-2.39307,2.48284,18.4393,-0.152654
5.09,10,10.129,-2.36807,2.5003,18.4654,-0.128973
5.1,10,10.1055,-2.34289,2.51714,18.4907,-0.105544
5.11,10,10.0824,-2.31756,2.53337,18.5151,-0.0823686
5.12,10,10.0594,-2.29207,2.54899,18.5385,-0.0594479
5.13,10,10.0368,-2.26643,2.56401,18.561,-0.0367836
5.14,10,10.0144,-2.24065,2.57842,18.5826,-0.0143771
5.15,10,9.99223,-2.21472,2.59223,18.6034,0.00777009
5.16,10,9.97034,-2.18867,2.60545,18.6232,0.0296568
5.17,10,9.94872,-2.16249,2.61808,18.6421,0.0512817
5.18,10,9.92736,-2.13619,2.63012,18.6602,0.0726435
5.19,10,9.90626,-2.10977,2.64157,18.6774,0.0937412
5.2,10,9.88543,-2.08325,2.65244,18.6937,0.114574
5.21,10,9.86486,-2.05662,2.66274,18.7091,0.13514
5.22,10,9.84456,-2.02989,2.67246,18.7237,0.155439
5.23,10,9.82453,-2.00308,2.68161,18.7374,0.17547
5.24,10,9.80477,-1.97618,2.69019,18.7503,0.195231
5.25,10,9.78528,-1.94919,2.69821,18.7623,0.214723
5.26,10,9.76606,-1.92214,2.70568,18.7735,0.233945
5.27,10,9.74711,-1.89501,2.71259,18.7839,0.252895
5.28,10,9.72843,-1.86782,2.71895,18.7934,0.271573
5.29,10,9.71002,-1.84058,2.72476,18.8021,0.289979
5.3,10,9.69189,-1.81327,2.73004,18.8101,0.308112
5.31,10,9.67403,-1.78593,2.73478,18.8172,0.325971
5.32,10,9.65644,-1.75854,2.73898,18.8235,0.343556
5.33,10,9.63913,-1.73111,2.74266,18.829,0.360867
5.34,10,9.6221,-1.70365,2.74581,18.8337,0.377904
5.35,10,9.60533,-1.67617,2.74845,18.8377,0.394666
5.36,10,9.58885,-1.64866,2.75057,18.8409,0.411152
5.37,10,9.57264,-1.62114,2.75218,18.8433,0.427364
5.38,10,9.5567,-1.59361,2.75328,18.8449,0.4433
5.39,10,9.54104,-1.56607,2.75389,18.8458,0.45896
5.4,10,9.52565,-1.53853,2.754,18.846,0.474346
5.41,10,9.51054,-1.51099,2.75362,18.8454,0.489456
5.42,10,9.49571,-1.48346,2.75275,18.8441,0.50429
5.43,10,9.48115,-1.45595,2.75141,18.8421,0.51885
5.44,10,9.46687,-1.42846,2.74959,18.8394,0.533134
5.45,10,9.45286,-1.40098,2.74729,18.8359,0.547144
5.46,10,9.43912,-1.37354,2.74453,18.8318,0.560879
5.47,10,9.42566,-1.34612,2.74131,18.827,0.574341
5.48,10,9.41247,-1.31875,2.73764,18.8215,0.587528
5.49,10,9.39956,-1.29141,2.73351,18.8153,0.600442
5.5,10,9.38692,-1.26412,2.72894,18.8084,0.613083
5.51,10,9.37455,-1.23688,2.72393,18.8009,0.625452
5.52,10,9.36245,-1.2097,2.71848,18.7927,0.637549
5.53,10,9.35062,-1.18257,2.7126,18.7839,0.649375
5.54,10,9.33907,-1.15551,2.7063,18.7744,0.66093
5.55,10,9.32778,-1.12851,2.69958,18.7644,0.672215
5.56,10,9.31677,-1.10159,2.69244,18.7537,0.683231
5.57,10,9.30602,-1.07474,2.6849,18.7423,0.693979
5.58,10,9.29554,-1.04797,2.67695,18.7304,0.704458
5.59,10,9.28533,-1.02129,2.6686,18.7179,0.714671
5.6,10,9.27538,-0.994687,2.65986,18.7048,0.724618
5.61,10,9.2657,-0.968179,2.65074,18.6911,0.7343
5.62,10,9.25628,-0.941767,2.64123,18.6768,0.743717
5.63,10,9.24713,-0.915453,2.63134,18.662,0.752872
5.64,10,9.23824,-0.889243,2.62109,18.6466,0.761764
5.65,10,9.2296,-0.863138,2.61047,18.6307,0.770396
5.66,10,9.22123,-0.837143,2.59949,18.6142,0.778767
5.67,10,9.21312,-0.811261,2.58815,18.5972,0.78688
5.68,10,9.20527,-0.785497,2.57647,18.5797,0.794735
5.69,10,9.19767,-0.759852,2.56444,18.5617,0.802333
5.7,10,9.19032,-0.734332,2.55207,18.5431,0.809677
5.71,10,9.18323,-0.708938,2.53937,18.5241,0.816766
5.72,10,9.1764,-0.683675,2.52634,18.5045,0.823603
5.73,10,9.16981,-0.658545,2.513,18.4845,0.830188
5.74,10,9.16348,-0.633551,2.49933,18.464,0.836524
5.75,10,9.15739,-0.608698,2.48536,18.443,0.842611
5.76,10,9.15155,-0.583987,2.47108,18.4216,0.848451
5.77,10,9.14596,-0.559422,2.4565,18.3997,0.854045
5.78,10,9.14061,-0.535006,2.44162,18.3774,0.859395
5.79,10,9.1355,-0.510741,2.42646,18.3547,0.864502
5.8,10,9.13063,-0.486631,2.41102,18.3315,0.869369
5.81,10,9.126,-0.462678,2.3953,18.3079,0.873995
5.82,10,9.12162,-0.438885,2.3793,18.284,0.878384
5.83,10,9.11746,-0.415255,2.36304,18.2596,0.882537
5.84,10,9.11355,-0.391789,2.34652,18.2348,0.886455
5.85,10,9.10986,-0.368492,2.32974,18.2096,0.89014
5.86,10,9.10641,-0.345365,2.31272,18.1841,0.893593
5.87,10,9.10318,-0.32241,2.29545,18.1582,0.896817
5.88,10,9.10019,-0.299631,2.27794,18.1319,0.899814
5.89,10,9.09742,-0.277029,2.26019,18.1053,0.902584
5.9,10,9.09487,-0.254607,2.24222,18.0783,0.90513
5.91,10,9.09255,-0.232367,2.22403,18.051,0.907454
5.92,10,9.09044,-0.21031,2.20562,18.0234,0.909557
5.93,10,9.08856,-0.188441,2.18699,17.9955,0.911441
5.94,10,9.08689,-0.166759,2.16816,17.9672,0.913109
5.95,10,9.08544,-0.145268,2.14913,17.9387,0.914561
5.96,10,9.0842,-0.123968,2.12991,17.9099,0.915801
5.97,10,9.08317,-0.102864,2.11049,17.8807,0.91683
5.98,10,9.08235,-0.0819547,2.09089,17.8513,0.917649
5.99,10,9.08174,-0.0612436,2.07111,17.8217,0.918262
6,10,9.08133,-0.0407321,2.05115,17.7917,0.918669
6.01,10,9.08113,-0.0204218,2.03103,17.7615,0.918873
6.02,10,9.08112,-0.000314377,2.01074,17.7311,0.918876
6.03,10,9.08132,0.0195886,1.99029,17.7004,0.918681
6.04,10,9.08171,0.0392855,1.96969,17.6695,0.918288
6.05,10,9.0823,0.0587749,1.94894,17.6384,0.9177
6.06,10,9.08308,0.0780554,1.92805,17.6071,0.916919
6.07,10,9.08405,0.0971256,1.90702,17.5755,0.915948
6.08,10,9.08521,0.115984,1.88586,17.5438,0.914788
6.09,10,9.08656,0.13463,1.86457,17.5119,0.913442
6.1,10,9.08809,0.153061,1.84315,17.4797,0.911911
6.11,10,9.0898,0.171278,1.82162,17.4474,0.910199
6.12,10,9.09169,0.189277,1.79998,17.415,0.908306
6.13,10,9.09376,0.20706,1.77823,17.3823,0.906235
6.14,10,9.09601,0.224623,1.75637,17.3496,0.903989
6.15,10,9.09843,0.241968,1.73442,17.3166,0.901569
6.16,10,9.10102,0.259091,1.71237,17.2836,0.898978
6.17,10,9.10378,0.275994,1.69024,17.2504,0.896218
6.18,10,9.10671,0.292674,1.66802,17.217,0.893292
6.19,10,9.1098,0.309131,1.64572,17.1836,0.8902
6.2,10,9.11305,0.325365,1.62335,17.15,0.886947
6.21,10,9.11647,0.341374,1.60091,17.1164,0.883533
6.22,10,9.12004,0.357158,1.57841,17.0826,0.879961
6.23,10,9.12377,0.372716,1.55584,17.0488,0.876234
6.24,10,9.12765,0.388049,1.53323,17.0148,0.872354
6.25,10,9.13168,0.403154,1.51056,16.9808,0.868322
6.26,10,9.13586,0.418033,1.48784,16.9468,0.864142
6.27,10,9.14018,0.432683,1.46508,16.9126,0.859815
6.28,10,9.14466,0.447106,1.44229,16.8784,0.855344
6.29,10,9.14927,0.461301,1.41946,16.8442,0.850731
6.3,10,9.15402,0.475267,1.3966,16.8099,0.845978
6.31,10,9.15891,0.489004,1.37372,16.7756,0.841088
6.32,10,9.16394,0.502512,1.35082,16.7412,0.836063
6.33,10,9.16909,0.515791,1.3279,16.7069,0.830905
6.34,10,9.17438,0.528841,1.30498,16.6725,0.825617
6.35,10,9.1798,0.541661,1.28204,16.6381,0.8202
6.36,10,9.18534,0.554252,1.25911,16.6037,0.814658
6.37,10,9.19101,0.566614,1.23617,16.5693,0.808992
6.38,10,9.1968,0.578747,1.21324,16.5349,0.803204
6.39,10,9.2027,0.59065,1.19032,16.5005,0.797298
6.4,10,9.20873,0.602324,1.16741,16.4661,0.791274
6.41,10,9.21486,0.613769,1.14452,16.4318,0.785137
6.42,10,9.22111,0.624986,1.12165,16.3975,0.778887
6.43,10,9.22747,0.635974,1.09881,16.3632,0.772527
6.44,10,9.23394,0.646734,1.07599,16.329,0.76606
6.45,10,9.24051,0.657266,1.05321,16.2948,0.759487
6.46,10,9.24719,0.66757,1.03046,16.2607,0.752811
6.47,10,9.25397,0.677648,1.00776,16.2266,0.746035
6.48,10,9.26084,0.687499,0.985096,16.1926,0.73916
6.49,10,9.26781,0.697124,0.962482,16.1587,0.732189
6.5,10,9.27488,0.706523,0.939919,16.1249,0.725123
6.51,10,9.28203,0.715697,0.91741,16.0911,0.717967
6.52,10,9.28928,0.724647,0.894959,16.0574,0.71072
6.53,10,9.29661,0.733372,0.872569,16.0239,0.703386
6.54,10,9.30403,0.741875,0.850244,15.9904,0.695968
6.55,10,9.31153,0.750155,0.827988,15.957,0.688466
6.56,10,9.31912,0.758213,0.805803,15.9237,0.680884
6.57,10,9.32678,0.766049,0.783692,15.8905,0.673223
6.58,10,9.33451,0.773666,0.76166,15.8575,0.665487
6.59,10,9.34232,0.781063,0.739709,15.8246,0.657676
6.6,10,9.35021,0.788242,0.717842,15.7918,0.649794
6.61,10,9.35816,0.795202,0.696062,15.7591,0.641842
6.62,10,9.36618,0.801946,0.674372,15.7266,0.633822
6.63,10,9.37426,0.808474,0.652776,15.6942,0.625737
6.64,10,9.38241,0.814786,0.631276,15.6619,0.61759
6.65,10,9.39062,0.820885,0.609876,15.6298,0.609381
6.66,10,9.39889,0.826771,0.588577,15.5979,0.601113
6.67,10,9.40721,0.832445,0.567383,15.5661,0.592789
6.68,10,9.41559,0.837908,0.546297,15.5344,0.58441
6.69,10,9.42402,0.843161,0.525321,15.503,0.575978
6.7,10,9.4325,0.848206,0.504458,15.4717,0.567496
6.71,10,9.44103,0.853043,0.48371,15.4406,0.558965
6.72,10,9.44961,0.857673,0.46308,15.4096,0.550389
6.73,10,9.45823,0.862099,0.442572,15.3789,0.541768
6.74,10,9.4669,0.866321,0.422186,15.3483,0.533105
6.75,10,9.4756,0.87034,0.401926,15.3179,0.524401
6.76,10,9.48434,0.874158,0.381793,15.2877,0.51566
6.77,10,9.49312,0.877776,0.361791,15.2577,0.506882
6.78,10,9.50193,0.881195,0.341922,15.2279,0.49807
6.79,10,9.51077,0.884417,0.322187,15.1983,0.489226
6.8,10,9.51965,0.887443,0.302589,15.1689,0.480351
6.81,10,9.52855,0.890274,0.283131,15.1397,0.471448
6.82,10,9.53748,0.892913,0.263814,15.1107,0.462519
6.83,10,9.54643,0.895359,0.24464,15.082,0.453566
6.84,10,9.55541,0.897615,0.225611,15.0534,0.44459
6.85,10,9.56441,0.899682,0.20673,15.0251,0.435593
6.86,10,9.57342,0.901562,0.187998,14.997,0.426577
6.87,10,9.58246,0.903257,0.169417,14.9691,0.417545
6.88,10,9.5915,0.904766,0.150989,14.9415,0.408497
6.89,10,9.60056,0.906094,0.132716,14.9141,0.399436
6.9,10,9.60964,0.90724,0.114599,14.8869,0.390364
6.91,10,9.61872,0.908206,0.0966404,14.86,0.381282
6.92,10,9.62781,0.908994,0.0788417,14.8333,0.372192
6.93,10,9.6369,0.909606,0.0612045,14.8068,0.363096
6.94,10,9.646,0.910044,0.0437303,14.7806,0.353995
6.95,10,9.65511,0.910308,0.0264206,14.7546,0.344892
6.96,10,9.66421,0.910401,0.00927699,14.7289,0.335788
6.97,10,9.67332,0.910324,-0.0076992,14.7035,0.326685
6.98,10,9.68242,0.910079,-0.0245065,14.6782,0.317584
6.99,10,9.69151,0.909667,-0.0411437,14.6533,0.308487
7,10,9.7006,0.909091,-0.0576094,14.6286,0.299396
7.01,10,9.70969,0.908352,-0.0739023,14.6041,0.290313
7.02,10,9.71876,0.907452,-0.0900213,14.58,0.281238
7.03,10,9.72783,0.906392,-0.105965,14.5561,0.272174
7.04,10,9.73688,0.905175,-0.121733,14.5324,0.263123
7.05,10,9.74592,0.903802,-0.137323,14.509,0.254085
7.06,10,9.75494,0.902274,-0.152735,14.4859,0.245062
7.07,10,9.76394,0.900595,-0.167967,14.463,0.236056
7.08,10,9.77293,0.898764,-0.183019,14.4405,0.227068
7.09,10,9.7819,0.896786,-0.19789,14.4182,0.2181
7.1,10,9.79085,0.89466,-0.212579,14.3961,0.209154
7.11,10,9.79977,0.892389,-0.227084,14.3744,0.20023
7.12,10,9.80867,0.889975,-0.241406,14.3529,0.19133
7.13,10,9.81754,0.887419,-0.255543,14.3317,0.182456
7.14,10,9.82639,0.884724,-0.269495,14.3108,0.173609
7.15,10,9.83521,0.881892,-0.283262,14.2901,0.16479
7.16,10,9.844,0.878923,-0.296841,14.2697,0.156001
7.17,10,9.85276,0.875821,-0.310233,14.2496,0.147242
7.18,10,9.86148,0.872587,-0.323438,14.2298,0.138517
7.19,10,9.87018,0.869222,-0.336455,14.2103,0.129824
7.2,10,9.87883,0.865729,-0.349282,14.1911,0.121167
7.21,10,9.88745,0.86211,-0.361921,14.1721,0.112546
7.22,10,9.89604,0.858366,-0.37437,14.1534,0.103962
7.23,10,9.90458,0.8545,-0.386629,14.1351,0.0954173
7.24,10,9.91309,0.850513,-0.398698,14.117,0.0869121
7.25,10,9.92155,0.846407,-0.410576,14.0991,0.0784481
7.26,10,9.92997,0.842185,-0.422263,14.0816,0.0700262
7.27,10,9.93835,0.837847,-0.43376,14.0644,0.0616477
7.28,10,9.94669,0.833397,-0.445065,14.0474,0.0533138
7.29,10,9.95497,0.828835,-0.456179,14.0307,0.0450254
7.3,10,9.96322,0.824164,-0.467101,14.0143,0.0367838
7.31,10,9.97141,0.819385,-0.477832,13.9983,0.0285899
7.32,10,9.97956,0.814502,-0.488372,13.9824,0.0204449
7.33,10,9.98765,0.809515,-0.498719,13.9669,0.0123498
7.34,10,9.99569,0.804426,-0.508876,13.9517,0.00430552
7.35,10,10.0037,0.799237,-0.51884,13.9367,-0.00368685
7.36,10,10.0116,0.793951,-0.528614,13.9221,-0.0116264
7.37,10,10.0195,0.788569,-0.538196,13.9077,-0.0195121
7.38,10,10.0273,0.783093,-0.547587,13.8936,-0.027343
7.39,10,10.0351,0.777526,-0.556787,13.8798,-0.0351182
7.4,10,10.0428,0.771868,-0.565797,13.8663,-0.0428369
7.41,10,10.0505,0.766121,-0.574616,13.8531,-0.0504981
7.42,10,10.0581,0.760289,-0.583245,13.8401,-0.058101
7.43,10,10.0656,0.754372,-0.591684,13.8275,-0.0656447
7.44,10,10.0731,0.748373,-0.599934,13.8151,-0.0731285
7.45,10,10.0806,0.742293,-0.607995,13.803,-0.0805514
7.46,10,10.0879,0.736134,-0.615867,13.7912,-0.0879127
7.47,10,10.0952,0.729899,-0.623551,13.7797,-0.0952117
7.48,10,10.1024,0.723588,-0.631047,13.7684,-0.102448
7.49,10,10.1096,0.717205,-0.638356,13.7575,-0.10962
7.5,10,10.1167,0.71075,-0.645478,13.7468,-0.116727
7.51,10,10.1238,0.704226,-0.652414,13.7364,-0.123769
7.52,10,10.1307,0.697634,-0.659165,13.7263,-0.130746
7.53,10,10.1377,0.690977,-0.665731,13.7164,-0.137656
7.54,10,10.1445,0.684256,-0.672112,13.7068,-0.144498
7.55,10,10.1513,0.677473,-0.67831,13.6975,-0.151273
7.56,10,10.158,0.670629,-0.684325,13.6885,-0.157979
7.57,10,10.1646,0.663728,-0.690157,13.6798,-0.164616
7.58,10,10.1712,0.65677,-0.695808,13.6713,-0.171184
7.59,10,10.1777,0.649757,-0.701279,13.6631,-0.177682
7.6,10,10.1841,0.642691,-0.706569,13.6551,-0.184109
7.61,10,10.1905,0.635574,-0.711681,13.6475,-0.190464
7.62,10,10.1967,0.628408,-0.716614,13.6401,-0.196748
7.63,10,10.203,0.621194,-0.72137,13.6329,-0.20296
7.64,10,10.2091,0.613935,-0.725949,13.6261,-0.2091
7.65,10,10.2152,0.606631,-0.730353,13.6195,-0.215166
7.66,10,10.2212,0.599286,-0.734582,13.6131,-0.221159
7.67,10,10.2271,0.591899,-0.738637,13.607,-0.227078
7.68,10,10.2329,0.584474,-0.74252,13.6012,-0.232923
7.69,10,10.2387,0.577012,-0.746231,13.5957,-0.238693
7.7,10,10.2444,0.569514,-0.749771,13.5903,-0.244388
7.71,10,10.25,0.561983,-0.753142,13.5853,-0.250008
7.72,10,10.2556,0.554419,-0.756344,13.5805,-0.255552
7.73,10,10.261,0.546825,-0.759378,13.5759,-0.26102
7.74,10,10.2664,0.539203,-0.762246,13.5716,-0.266412
7.75,10,10.2717,0.531553,-0.764949,13.5676,-0.271728
7.76,10,10.277,0.523879,-0.767487,13.5638,-0.276966
7.77,10,10.2821,0.51618,-0.769863,13.5602,-0.282128
7.78,10,10.2872,0.508459,-0.772077,13.5569,-0.287213
7.79,10,10.2922,0.500718,-0.77413,13.5538,-0.29222
7.8,10,10.2971,0.492958,-0.776024,13.551,-0.29715
7.81,10,10.302,0.48518,-0.777759,13.5484,-0.302001
7.82,10,10.3068,0.477387,-0.779338,13.546,-0.306775
7.83,10,10.3115,0.469579,-0.78076,13.5439,-0.311471
7.84,10,10.3161,0.461759,-0.782029,13.542,-0.316089
7.85,10,10.3206,0.453927,-0.783144,13.5403,-0.320628
7.86,10,10.3251,0.446086,-0.784107,13.5388,-0.325089
7.87,10,10.3295,0.438237,-0.78492,13.5376,-0.329471
7.88,10,10.3338,0.430381,-0.785584,13.5366,-0.333775
7.89,10,10.338,0.42252,-0.786099,13.5359,-0.338
7.9,10,10.3421,0.414656,-0.786469,13.5353,-0.342147
7.91,10,10.3462,0.406789,-0.786693,13.535,-0.346215
7.92,10,10.3502,0.398921,-0.786773,13.5348,-0.350204
7.93,10,10.3541,0.391054,-0.786711,13.5349,-0.354114
7.94,10,10.3579,0.383189,-0.786508,13.5352,-0.357946
7.95,10,10.3617,0.375327,-0.786165,13.5358,-0.3617
7.96,10,10.3654,0.36747,-0.785685,13.5365,-0.365374
7.97,10,10.369,0.35962,-0.785067,13.5374,-0.36897
7.98,10,10.3725,0.351776,-0.784315,13.5385,-0.372488
7.99,10,10.3759,0.343942,-0.783429,13.5399,-0.375928
8,10,10.3793,0.336118,-0.78241,13.5414,-0.379289
8.01,10,10.3826,0.328305,-0.781261,13.5431,-0.382572
8.02,10,10.3858,0.320506,-0.779982,13.545,-0.385777
8.03,10,10.3889,0.31272,-0.778575,13.5471,-0.388904
8.04,10,10.392,0.304949,-0.777042,13.5494,-0.391954
8.05,10,10.3949,0.297196,-0.775385,13.5519,-0.394926
8.06,10,10.3978,0.28946,-0.773604,13.5546,-0.39782
8.07,10,10.4006,0.281743,-0.771701,13.5574,-0.400638
8.08,10,10.4034,0.274046,-0.769678,13.5605,-0.403378
8.09,10,10.406,0.26637,-0.767536,13.5637,-0.406042
8.1,10,10.4086,0.258718,-0.765277,13.5671,-0.408629
8.11,10,10.4111,0.251089,-0.762903,13.5706,-0.41114
8.12,10,10.4136,0.243484,-0.760414,13.5744,-0.413575
8.13,10,10.4159,0.235906,-0.757813,13.5783,-0.415934
8.14,10,10.4182,0.228355,-0.755101,13.5823,-0.418217
8.15,10,10.4204,0.220832,-0.75228,13.5866,-0.420426
8.16,10,10.4226,0.213339,-0.749351,13.591,-0.422559
8.17,10,10.4246,0.205876,-0.746316,13.5955,-0.424618
8.18,10,10.4266,0.198444,-0.743176,13.6002,-0.426602
8.19,10,10.4285,0.191045,-0.739933,13.6051,-0.428513
8.2,10,10.4303,0.183679,-0.736589,13.6101,-0.430349
8.21,10,10.4321,0.176347,-0.733145,13.6153,-0.432113
8.22,10,10.4338,0.169051,-0.729603,13.6206,-0.433803
8.23,10,10.4354,0.161792,-0.725964,13.6261,-0.435421
8.24,10,10.437,0.154569,-0.72223,13.6317,-0.436967
8.25,10,10.4384,0.147385,-0.718402,13.6374,-0.438441
8.26,10,10.4398,0.140241,-0.714483,13.6433,-0.439843
8.27,10,10.4412,0.133136,-0.710473,13.6493,-0.441175
8.28,10,10.4424,0.126072,-0.706375,13.6554,-0.442435
8.29,10,10.4436,0.11905,-0.70219,13.6617,-0.443626
8.3,10,10.4447,0.112071,-0.697919,13.6681,-0.444747
8.31,10,10.4458,0.105135,-0.693564,13.6747,-0.445798
8.32,10,10.4468,0.0982441,-0.689127,13.6813,-0.44678
8.33,10,10.4477,0.091398,-0.68461,13.6881,-0.447694
8.34,10,10.4485,0.0845979,-0.680013,13.695,-0.44854
8.35,10,10.4493,0.0778445,-0.675339,13.702,-0.449319
8.36,10,10.45,0.0711386,-0.670589,13.7091,-0.45003
8.37,10,10.4507,0.0644809,-0.665765,13.7164,-0.450675
8.38,10,10.4513,0.0578722,-0.660868,13.7237,-0.451254
8.39,10,10.4518,0.0513132,-0.6559,13.7311,-0.451767
8.4,10,10.4522,0.0448046,-0.650863,13.7387,-0.452215
8.41,10,10.4526,0.038347,-0.645757,13.7464,-0.452598
8.42,10,10.4529,0.0319412,-0.640586,13.7541,-0.452918
8.43,10,10.4532,0.0255877,-0.635349,13.762,-0.453174
8.44,10,10.4534,0.0192872,-0.630049,13.7699,-0.453366
8.45,10,10.4535,0.0130403,-0.624688,13.778,-0.453497
8.46,10,10.4536,0.00684764,-0.619267,13.7861,-0.453565
8.47,10,10.4536,0.000709776,-0.613787,13.7943,-0.453572
8.48,10,10.4535,-0.00537272,-0.60825,13.8026,-0.453519
8.49,10,10.4534,-0.0113993,-0.602657,13.811,-0.453405
8.5,10,10.4532,-0.0173694,-0.597011,13.8195,-0.453231
8.51,10,10.453,-0.0232825,-0.591312,13.828,-0.452998
8.52,10,10.4527,-0.0291382,-0.585563,13.8367,-0.452707
8.53,10,10.4524,-0.0349358,-0.579764,13.8454,-0.452357
8.54,10,10.452,-0.040675,-0.573918,13.8541,-0.451951
8.55,10,10.4515,-0.0463552,-0.568025,13.863,-0.451487
8.56,10,10.451,-0.0519761,-0.562088,13.8719,-0.450967
8.57,10,10.4504,-0.0575372,-0.556107,13.8808,-0.450392
8.58,10,10.4498,-0.063038,-0.550085,13.8899,-0.449762
8.59,10,10.4491,-0.0684782,-0.544022,13.899,-0.449077
8.6,10,10.4483,-0.0738574,-0.53792,13.9081,-0.448338
8.61,10,10.4475,-0.0791753,-0.531781,13.9173,-0.447547
8.62,10,10.4467,-0.0844313,-0.525607,13.9266,-0.446702
8.63,10,10.4458,-0.0896253,-0.519398,13.9359,-0.445806
8.64,10,10.4449,-0.0947569,-0.513156,13.9453,-0.444858
8.65,10,10.4439,-0.0998257,-0.506882,13.9547,-0.44386
8.66,10,10.4428,-0.104831,-0.500578,13.9641,-0.442812
8.67,10,10.4417,-0.109774,-0.494246,13.9736,-0.441714
8.68,10,10.4406,-0.114653,-0.487886,13.9832,-0.440568
8.69,10,10.4394,-0.119468,-0.481501,13.9927,-0.439373
8.7,10,10.4381,-0.124219,-0.475091,14.0024,-0.438131
8.71,10,10.4368,-0.128905,-0.468658,14.012,-0.436842
8.72,10,10.4355,-0.133527,-0.462204,14.0217,-0.435506
8.73,10,10.4341,-0.138085,-0.455729,14.0314,-0.434126
8.74,10,10.4327,-0.142577,-0.449235,14.0411,-0.4327
8.75,10,10.4312,-0.147004,-0.442723,14.0509,-0.43123
8.76,10,10.4297,-0.151366,-0.436195,14.0607,-0.429716
8.77,10,10.4282,-0.155663,-0.429652,14.0705,-0.428159
8.78,10,10.4266,-0.159894,-0.423096,14.0804,-0.42656
8.79,10,10.4249,-0.164059,-0.416527,14.0902,-0.42492
8.8,10,10.4232,-0.168158,-0.409947,14.1001,-0.423238
8.81,10,10.4215,-0.172192,-0.403358,14.11,-0.421516
8.82,10,10.4198,-0.17616,-0.39676,14.1199,-0.419755
8.83,10,10.418,-0.180061,-0.390154,14.1298,-0.417954
8.84,10,10.4161,-0.183897,-0.383543,14.1397,-0.416115
8.85,10,10.4142,-0.187666,-0.376927,14.1496,-0.414239
8.86,10,10.4123,-0.191369,-0.370308,14.1595,-0.412325
8.87,10,10.4104,-0.195006,-0.363686,14.1695,-0.410375
8.88,10,10.4084,-0.198576,-0.357063,14.1794,-0.408389
8.89,10,10.4064,-0.202081,-0.35044,14.1893,-0.406368
8.9,10,10.4043,-0.205519,-0.343819,14.1993,-0.404313
8.91,10,10.4022,-0.208891,-0.3372,14.2092,-0.402224
8.92,10,10.4001,-0.212197,-0.330585,14.2191,-0.400102
8.93,10,10.3979,-0.215437,-0.323974,14.229,-0.397948
8.94,10,10.3958,-0.21861,-0.31737,14.2389,-0.395762
8.95,10,10.3935,-0.221718,-0.310772,14.2488,-0.393545
8.96,10,10.3913,-0.22476,-0.304182,14.2587,-0.391297
8.97,10,10.389,-0.227736,-0.297602,14.2686,-0.38902
8.98,10,10.3867,-0.230646,-0.291032,14.2785,-0.386713
8.99,10,10.3844,-0.233491,-0.284474,14.2883,-0.384378
9,10,10.382,-0.23627,-0.277928,14.2981,-0.382016
9.01,10,10.3796,-0.238984,-0.271395,14.3079,-0.379626
9.02,10,10.3772,-0.241633,-0.264878,14.3177,-0.377209
9.03,10,10.3748,-0.244217,-0.258375,14.3274,-0.374767
9.04,10,10.3723,-0.246736,-0.251889,14.3372,-0.3723
9.05,10,10.3698,-0.24919,-0.245421,14.3469,-0.369808
9.06,10,10.3673,-0.251579,-0.238972,14.3565,-0.367292
9.07,10,10.3648,-0.253905,-0.232542,14.3662,-0.364753
9.08,10,10.3622,-0.256166,-0.226132,14.3758,-0.362191
9.09,10,10.3596,-0.258364,-0.219744,14.3854,-0.359608
9.1,10,10.357,-0.260497,-0.213378,14.3949,-0.357003
9.11,10,10.3544,-0.262568,-0.207036,14.4044,-0.354377
9.12,10,10.3517,-0.264575,-0.200717,14.4139,-0.351731
9.13,10,10.3491,-0.266519,-0.194424,14.4234,-0.349066
9.14,10,10.3464,-0.268401,-0.188157,14.4328,-0.346382
9.15,10,10.3437,-0.27022,-0.181917,14.4421,-0.34368
9.16,10,10.341,-0.271977,-0.175704,14.4514,-0.34096
9.17,10,10.3382,-0.273672,-0.16952,14.4607,-0.338223
9.18,10,10.3355,-0.275306,-0.163365,14.47,-0.33547
9.19,10,10.3327,-0.276878,-0.15724,14.4791,-0.332702
9.2,10,10.3299,-0.27839,-0.151147,14.4883,-0.329918
9.21,10,10.3271,-0.279841,-0.145085,14.4974,-0.327119
9.22,10,10.3243,-0.281231,-0.139055,14.5064,-0.324307
9.23,10,10.3215,-0.282562,-0.133059,14.5154,-0.321481
9.24,10,10.3186,-0.283833,-0.127097,14.5244,-0.318643
9.25,10,10.3158,-0.285044,-0.12117,14.5332,-0.315793
9.26,10,10.3129,-0.286197,-0.115278,14.5421,-0.312931
9.27,10,10.3101,-0.287291,-0.109423,14.5509,-0.310058
9.28,10,10.3072,-0.288327,-0.103604,14.5596,-0.307174
9.29,10,10.3043,-0.289306,-0.0978231,14.5683,-0.304281
9.3,10,10.3014,-0.290226,-0.0920802,14.5769,-0.301379
9.31,10,10.2985,-0.29109,-0.0863762,14.5854,-0.298468
9.32,10,10.2955,-0.291897,-0.0807118,14.5939,-0.295549
9.33,10,10.2926,-0.292648,-0.0750875,14.6024,-0.292623
9.34,10,10.2897,-0.293343,-0.069504,14.6107,-0.289689
9.35,10,10.2867,-0.293983,-0.0639618,14.6191,-0.28675
9.36,10,10.2838,-0.294567,-0.0584616,14.6273,-0.283804
9.37,10,10.2809,-0.295098,-0.0530039,14.6355,-0.280853
9.38,10,10.2779,-0.295573,-0.0475893,14.6436,-0.277897
9.39,10,10.2749,-0.295996,-0.0422184,14.6517,-0.274937
9.4,10,10.272,-0.296364,-0.0368916,14.6597,-0.271974
9.41,10,10.269,-0.296681,-0.0316095,14.6676,-0.269007
9.42,10,10.266,-0.296944,-0.0263726,14.6754,-0.266037
9.43,10,10.2631,-0.297156,-0.0211814,14.6832,-0.263066
9.44,10,10.2601,-0.297316,-0.0160364,14.6909,-0.260093
9.45,10,10.2571,-0.297426,-0.010938,14.6986,-0.257118
9.46,10,10.2541,-0.297485,-0.00588667,14.7062,-0.254143
9.47,10,10.2512,-0.297494,-0.000882912,14.7137,-0.251169
9.48,10,10.2482,-0.297453,0.00407288,14.7211,-0.248194
9.49,10,10.2452,-0.297363,0.00898029,14.7285,-0.24522
9.5,10,10.2422,-0.297225,0.0138389,14.7358,-0.242248
9.51,10,10.2393,-0.297038,0.0186483,14.743,-0.239278
9.52,10,10.2363,-0.296804,0.0234082,14.7501,-0.23631
9.53,10,10.2333,-0.296523,0.0281182,14.7572,-0.233344
9.54,10,10.2304,-0.296195,0.0327778,14.7642,-0.230383
9.55,10,10.2274,-0.295821,0.0373869,14.7711,-0.227424
9.56,10,10.2245,-0.295402,0.0419449,14.7779,-0.22447
9.57,10,10.2215,-0.294937,0.0464518,14.7847,-0.221521
9.58,10,10.2186,-0.294428,0.050907,14.7914,-0.218577
9.59,10,10.2156,-0.293875,0.0553104,14.798,-0.215638
9.6,10,10.2127,-0.293279,0.0596616,14.8045,-0.212705
9.61,10,10.2098,-0.292639,0.0639604,14.8109,-0.209779
9.62,10,10.2069,-0.291957,0.0682065,14.8173,-0.206859
9.63,10,10.2039,-0.291233,0.0723998,14.8236,-0.203947
9.64,10,10.201,-0.290467,0.0765398,14.8298,-0.201042
9.65,10,10.1981,-0.289661,0.0806265,14.8359,-0.198146
9.66,10,10.1953,-0.288815,0.0846597,14.842,-0.195257
9.67,10,10.1924,-0.287928,0.088639,14.848,-0.192378
9.68,10,10.1895,-0.287003,0.0925644,14.8538,-0.189508
9.69,10,10.1866,-0.286038,0.0964356,14.8597,-0.186648
9.7,10,10.1838,-0.285036,0.100253,14.8654,-0.183797
9.71,10,10.181,-0.283996,0.104015,14.871,-0.180957
9.72,10,10.1781,-0.282918,0.107723,14.8766,-0.178128
9.73,10,10.1753,-0.281805,0.111376,14.8821,-0.17531
9.74,10,10.1725,-0.280655,0.114974,14.8875,-0.172504
9.75,10,10.1697,-0.27947,0.118518,14.8928,-0.169709
9.76,10,10.1669,-0.27825,0.122006,14.898,-0.166926
9.77,10,10.1642,-0.276995,0.125439,14.9032,-0.164156
9.78,10,10.1614,-0.275707,0.128817,14.9082,-0.161399
9.79,10,10.1587,-0.274386,0.13214,14.9132,-0.158656
9.8,10,10.1559,-0.273031,0.135408,14.9181,-0.155925
9.81,10,10.1532,-0.271645,0.13862,14.9229,-0.153209
9.82,10,10.1505,-0.270228,0.141776,14.9277,-0.150507
9.83,10,10.1478,-0.268779,0.144877,14.9323,-0.147819
9.84,10,10.1451,-0.2673,0.147923,14.9369,-0.145146
9.85,10,10.1425,-0.26579,0.150914,14.9414,-0.142488
9.86,10,10.1398,-0.264252,0.153848,14.9458,-0.139845
9.87,10,10.1372,-0.262685,0.156728,14.9501,-0.137218
9.88,10,10.1346,-0.261089,0.159552,14.9543,-0.134608
9.89,10,10.132,-0.259466,0.162321,14.9585,-0.132013
9.9,10,10.1294,-0.257816,0.165034,14.9626,-0.129435
9.91,10,10.1269,-0.256139,0.167692,14.9665,-0.126873
9.92,10,10.1243,-0.254436,0.170295,14.9704,-0.124329
9.93,10,10.1218,-0.252707,0.172843,14.9743,-0.121802
9.94,10,10.1193,-0.250954,0.175336,14.978,-0.119292
9.95,10,10.1168,-0.249176,0.177774,14.9817,-0.116801
9.96,10,10.1143,-0.247375,0.180157,14.9852,-0.114327
9.97,10,10.1119,-0.24555,0.182485,14.9887,-0.111871
9.98,10,10.1094,-0.243702,0.184759,14.9921,-0.109434
9.99,10,10.107,-0.241832,0.186978,14.9955,-0.107016
10,10,10.1046,-0.239941,0.189143,14.9987,-0.104617
10.01,10,10.1022,-0.238028,0.191254,15.0019,-0.102236
10.02,10,10.0999,-0.236095,0.19331,15.005,-0.0998754
10.03,10,10.0975,-0.234142,0.195313,15.008,-0.097534
10.04,10,10.0952,-0.23217,0.197262,15.0109,-0.0952123
10.05,10,10.0929,-0.230178,0.199157,15.0137,-0.0929105
10.06,10,10.0906,-0.228168,0.200999,15.0165,-0.0906288
10.07,10,10.0884,-0.22614,0.202788,15.0192,-0.0883674
10.08,10,10.0861,-0.224095,0.204524,15.0218,-0.0861265
10.09,10,10.0839,-0.222033,0.206207,15.0243,-0.0839062
10.1,10,10.0817,-0.219954,0.207838,15.0268,-0.0817066
10.11,10,10.0795,-0.21786,0.209416,15.0291,-0.079528
10.12,10,10.0774,-0.215751,0.210942,15.0314,-0.0773705
10.13,10,10.0752,-0.213627,0.212416,15.0336,-0.0752342
10.14,10,10.0731,-0.211488,0.213839,15.0358,-0.0731194
10.15,10,10.071,-0.209336,0.21521,15.0378,-0.071026
10.16,10,10.069,-0.207171,0.21653,15.0398,-0.0689543
10.17,10,10.0669,-0.204993,0.217799,15.0417,-0.0669044
10.18,10,10.0649,-0.202803,0.219018,15.0435,-0.0648763
10.19,10,10.0629,-0.200601,0.220186,15.0453,-0.0628703
10.2,10,10.0609,-0.198388,0.221305,15.047,-0.0608864
10.21,10,10.0589,-0.196164,0.222373,15.0486,-0.0589248
10.22,10,10.057,-0.19393,0.223392,15.0501,-0.0569855
10.23,10,10.0551,-0.191687,0.224362,15.0515,-0.0550686
10.24,10,10.0532,-0.189434,0.225283,15.0529,-0.0531743
10.25,10,10.0513,-0.187172,0.226156,15.0542,-0.0513026
10.26,10,10.0495,-0.184902,0.22698,15.0555,-0.0494536
10.27,10,10.0476,-0.182625,0.227757,15.0566,-0.0476273
10.28,10,10.0458,-0.18034,0.228486,15.0577,-0.0458239
10.29,10,10.044,-0.178048,0.229167,15.0588,-0.0440434
10.3,10,10.0423,-0.17575,0.229802,15.0597,-0.0422859
10.31,10,10.0406,-0.173446,0.23039,15.0606,-0.0405515
10.32,10,10.0388,-0.171137,0.230932,15.0614,-0.0388401
10.33,10,10.0372,-0.168823,0.231429,15.0621,-0.0371519
10.34,10,10.0355,-0.166504,0.231879,15.0628,-0.0354868
10.35,10,10.0338,-0.164181,0.232285,15.0634,-0.033845
10.36,10,10.0322,-0.161855,0.232646,15.064,-0.0322265
10.37,10,10.0306,-0.159525,0.232962,15.0644,-0.0306312
10.38,10,10.0291,-0.157193,0.233235,15.0649,-0.0290593
10.39,10,10.0275,-0.154858,0.233463,15.0652,-0.0275107
10.4,10,10.026,-0.152522,0.233649,15.0655,-0.0259855
10.41,10,10.0245,-0.150184,0.233792,15.0657,-0.0244837
10.42,10,10.023,-0.147845,0.233892,15.0658,-0.0230052
10.43,10,10.0216,-0.145505,0.23395,15.0659,-0.0215502
10.44,10,10.0201,-0.143166,0.233966,15.0659,-0.0201185
10.45,10,10.0187,-0.140826,0.233942,15.0659,-0.0187102
10.46,10,10.0173,-0.138487,0.233876,15.0658,-0.0173254
10.47,10,10.016,-0.13615,0.23377,15.0657,-0.0159639
10.48,10,10.0146,-0.133813,0.233624,15.0654,-0.0146257
10.49,10,10.0133,-0.131479,0.233438,15.0652,-0.0133109
10.5,10,10.012,-0.129147,0.233213,15.0648,-0.0120195
10.51,10,10.0108,-0.126817,0.23295,15.0644,-0.0107513
10.52,10,10.0095,-0.124491,0.232648,15.064,-0.00950639
10.53,10,10.0083,-0.122168,0.232308,15.0635,-0.00828472
10.54,10,10.0071,-0.119849,0.23193,15.0629,-0.00708623
10.55,10,10.0059,-0.117533,0.231516,15.0623,-0.0059109
10.56,10,10.0048,-0.115223,0.231064,15.0616,-0.00475867
10.57,10,10.0036,-0.112917,0.230577,15.0609,-0.0036295
10.58,10,10.0025,-0.110616,0.230054,15.0601,-0.00252333
10.59,10,10.0014,-0.108321,0.229496,15.0592,-0.00144012
10.6,10,10.0004,-0.106032,0.228902,15.0584,-0.000379795
10.61,10,9.99934,-0.10375,0.228275,15.0574,0.000657702
10.62,10,9.99833,-0.101474,0.227613,15.0564,0.00167244
10.63,10,9.99734,-0.0992044,0.226918,15.0554,0.00266448
10.64,10,9.99637,-0.0969425,0.226189,15.0543,0.00363391
10.65,10,9.99542,-0.0946882,0.225429,15.0531,0.00458079
10.66,10,9.99449,-0.0924419,0.224635,15.052,0.00550521
10.67,10,9.99359,-0.0902038,0.223811,15.0507,0.00640725
10.68,10,9.99271,-0.0879742,0.222955,15.0494,0.00728699
10.69,10,9.99186,-0.0857535,0.222068,15.0481,0.00814452
10.7,10,9.99102,-0.083542,0.221151,15.0467,0.00897994
10.71,10,9.99021,-0.08134,0.220204,15.0453,0.00979334
10.72,10,9.98942,-0.0791477,0.219227,15.0438,0.0105848
10.73,10,9.98865,-0.0769655,0.218222,15.0423,0.0113545
10.74,10,9.9879,-0.0747936,0.217188,15.0408,0.0121024
10.75,10,9.98717,-0.0726324,0.216126,15.0392,0.0128287
10.76,10,9.98647,-0.070482,0.215036,15.0376,0.0135336
10.77,10,9.98578,-0.0683428,0.21392,15.0359,0.014217
10.78,10,9.98512,-0.0662151,0.212776,15.0342,0.0148791
10.79,10,9.98448,-0.064099,0.211607,15.0324,0.0155201
10.8,10,9.98386,-0.0619949,0.210412,15.0306,0.0161401
10.81,10,9.98326,-0.059903,0.209191,15.0288,0.0167391
10.82,10,9.98268,-0.0578235,0.207946,15.0269,0.0173173
10.83,10,9.98213,-0.0557567,0.206676,15.025,0.0178749
10.84,10,9.98159,-0.0537029,0.205383,15.0231,0.0184119
10.85,10,9.98107,-0.0516623,0.204066,15.0211,0.0189286
10.86,10,9.98058,-0.049635,0.202726,15.0191,0.0194249
10.87,10,9.9801,-0.0476214,0.201364,15.017,0.0199011
10.88,10,9.97964,-0.0456216,0.199979,15.015,0.0203573
10.89,10,9.97921,-0.0436358,0.198573,15.0129,0.0207937
10.9,10,9.97879,-0.0416644,0.197147,15.0107,0.0212103
10.91,10,9.97839,-0.0397074,0.195699,15.0085,0.0216074
10.92,10,9.97801,-0.0377651,0.194231,15.0063,0.0219851
10.93,10,9.97766,-0.0358376,0.192744,15.0041,0.0223434
10.94,10,9.97732,-0.0339253,0.191237,15.0019,0.0226827
10.95,10,9.977,-0.0320281,0.189711,14.9996,0.023003
10.96,10,9.9767,-0.0301465,0.188167,14.9973,0.0233044
10.97,10,9.97641,-0.0282804,0.186605,14.9949,0.0235872
10.98,10,9.97615,-0.0264302,0.185026,14.9925,0.0238515
10.99,10,9.9759,-0.0245959,0.18343,14.9901,0.0240975
11,10,9.97567,-0.0227777,0.181817,14.9877,0.0243253
11.01,10,9.97546,-0.0209758,0.180188,14.9853,0.024535
11.02,10,9.97527,-0.0191904,0.178543,14.9828,0.0247269
11.03,10,9.9751,-0.0174215,0.176884,14.9803,0.0249012
11.04,10,9.97494,-0.0156695,0.175209,14.9778,0.0250579
11.05,10,9.9748,-0.0139343,0.17352,14.9753,0.0251972
11.06,10,9.97468,-0.0122161,0.171817,14.9727,0.0253194
11.07,10,9.97458,-0.0105151,0.170101,14.9702,0.0254245
11.08,10,9.97449,-0.00883136,0.168372,14.9676,0.0255128
11.09,10,9.97442,-0.00716506,0.16663,14.9649,0.0255845
11.1,10,9.97436,-0.00551629,0.164876,14.9623,0.0256396
11.11,10,9.97432,-0.00388519,0.163111,14.9597,0.0256785
11.12,10,9.9743,-0.00227185,0.161334,14.957,0.0257012
11.13,10,9.97429,-0.000676393,0.159546,14.9543,0.025708
11.14,10,9.9743,0.000901083,0.157748,14.9516,0.025699
11.15,10,9.97433,0.00246048,0.155939,14.9489,0.0256744
11.16,10,9.97437,0.00400169,0.154122,14.9462,0.0256343
11.17,10,9.97442,0.00552464,0.152295,14.9434,0.0255791
11.18,10,9.97449,0.00702923,0.150459,14.9407,0.0255088
11.19,10,9.97458,0.00851538,0.148615,14.9379,0.0254236
11.2,10,9.97468,0.00998301,0.146763,14.9351,0.0253238
11.21,10,9.97479,0.011432,0.144903,14.9324,0.0252095
11.22,10,9.97492,0.0128624,0.143037,14.9296,0.0250809
11.23,10,9.97506,0.014274,0.141163,14.9267,0.0249381
11.24,10,9.97522,0.0156669,0.139284,14.9239,0.0247815
11.25,10,9.97539,0.0170409,0.137398,14.9211,0.024611
11.26,10,9.97557,0.0183959,0.135507,14.9183,0.0244271
11.27,10,9.97577,0.019732,0.133611,14.9154,0.0242298
11.28,10,9.97598,0.0210491,0.13171,14.9126,0.0240193
11.29,10,9.9762,0.0223472,0.129804,14.9097,0.0237958
11.3,10,9.97644,0.0236261,0.127895,14.9068,0.0235595
11.31,10,9.97669,0.0248859,0.125982,14.904,0.0233107
11.32,10,9.97695,0.0261266,0.124066,14.9011,0.0230494
11.33,10,9.97722,0.0273481,0.122146,14.8982,0.0227759
11.34,10,9.97751,0.0285503,0.120225,14.8953,0.0224904
11.35,10,9.97781,0.0297333,0.118301,14.8925,0.0221931
11.36,10,9.97812,0.0308971,0.116376,14.8896,0.0218841
11.37,10,9.97844,0.0320416,0.114449,14.8867,0.0215637
11.38,10,9.97877,0.0331668,0.112521,14.8838,0.021232
11.39,10,9.97911,0.0342727,0.110592,14.8809,0.0208893
11.4,10,9.97946,0.0353593,0.108663,14.878,0.0205357
11.41,10,9.97983,0.0364267,0.106734,14.8751,0.0201715
11.42,10,9.9802,0.0374747,0.104805,14.8722,0.0197967
11.43,10,9.98059,0.0385035,0.102877,14.8693,0.0194117
11.44,10,9.98098,0.039513,0.10095,14.8664,0.0190165
11.45,10,9.98139,0.0405032,0.0990248,14.8635,0.0186115
11.46,10,9.9818,0.0414743,0.0971009,14.8607,0.0181968
11.47,10,9.98223,0.042426,0.095179,14.8578,0.0177725
11.48,10,9.98266,0.0433586,0.0932594,14.8549,0.0173389
11.49,10,9.9831,0.0442721,0.0913425,14.852,0.0168962
11.5,10,9.98356,0.0451663,0.0894285,14.8491,0.0164445
11.51,10,9.98402,0.0460415,0.0875178,14.8463,0.0159841
11.52,10,9.98448,0.0468976,0.0856107,14.8434,0.0155152
11.53,10,9.98496,0.0477347,0.0837075,14.8406,0.0150378
11.54,10,9.98545,0.0485528,0.0818085,14.8377,0.0145523
11.55,10,9.98594,0.0493519,0.0799139,14.8349,0.0140588
11.56,10,9.98644,0.0501322,0.0780242,14.832,0.0135574
11.57,10,9.98695,0.0508936,0.0761395,14.8292,0.0130485
11.58,10,9.98747,0.0516362,0.0742601,14.8264,0.0125321
11.59,10,9.98799,0.05236,0.0723864,14.8236,0.0120085
11.6,10,9.98852,0.0530652,0.0705186,14.8208,0.0114779
11.61,10,9.98906,0.0537518,0.068657,14.818,0.0109404
11.62,10,9.9896,0.0544198,0.0668018,14.8152,0.0103962
11.63,10,9.99015,0.0550693,0.0649534,14.8124,0.00984548
11.64,10,9.99071,0.0557005,0.0631119,14.8097,0.00928847
11.65,10,9.99127,0.0563132,0.0612777,14.8069,0.00872534
11.66,10,9.99184,0.0569077,0.059451,14.8042,0.00815626
11.67,10,9.99242,0.0574841,0.0576321,14.8014,0.00758142
11.68,10,9.993,0.0580423,0.0558212,14.7987,0.007001
11.69,10,9.99358,0.0585825,0.0540185,14.796,0.00641517
11.7,10,9.99418,0.0591047,0.0522242,14.7933,0.00582413
11.71,10,9.99477,0.0596091,0.0504388,14.7907,0.00522804
11.72,10,9.99537,0.0600957,0.0486622,14.788,0.00462708
11.73,10,9.99598,0.0605647,0.0468949,14.7853,0.00402143
11.74,10,9.99659,0.061016,0.0451369,14.7827,0.00341127
11.75,10,9.9972,0.0614499,0.0433886,14.7801,0.00279677
11.76,10,9.99782,0.0618664,0.0416501,14.7775,0.00217811
11.77,10,9.99844,0.0622656,0.0399217,14.7749,0.00155545
11.78,10,9.99907,0.0626477,0.0382036,14.7723,0.000928974
11.79,10,9.9997,0.0630126,0.0364959,14.7697,0.000298848
11.8,10,10.0003,0.0633606,0.0347989,14.7672,-0.000334758
11.81,10,10.001,0.0636918,0.0331127,14.7647,-0.000971676
11.82,10,10.0016,0.0640061,0.0314377,14.7622,-0.00161174
11.83,10,10.0023,0.0643039,0.0297738,14.7597,-0.00225478
11.84,10,10.0029,0.0645851,0.0281215,14.7572,-0.00290063
11.85,10,10.0035,0.0648499,0.0264807,14.7547,-0.00354913
11.86,10,10.0042,0.0650984,0.0248517,14.7523,-0.00420011
11.87,10,10.0049,0.0653308,0.0232347,14.7499,-0.00485342
11.88,10,10.0055,0.0655471,0.0216299,14.7474,-0.00550889
11.89,10,10.0062,0.0657474,0.0200374,14.7451,-0.00616636
11.9,10,10.0068,0.065932,0.0184573,14.7427,-0.00682568
11.91,10,10.0075,0.0661009,0.0168899,14.7403,-0.00748669
11.92,10,10.0081,0.0662542,0.0153352,14.738,-0.00814923
11.93,10,10.0088,0.0663922,0.0137935,14.7357,-0.00881315
11.94,10,10.0095,0.0665148,0.0122649,14.7334,-0.0094783
11.95,10,10.0101,0.0666223,0.0107495,14.7311,-0.0101445
11.96,10,10.0108,0.0667148,0.0092475,14.7289,-0.0108117
11.97,10,10.0115,0.0667924,0.00775899,14.7266,-0.0114796
11.98,10,10.0121,0.0668552,0.00628411,14.7244,-0.0121482
11.99,10,10.0128,0.0669035,0.004823,14.7222,-0.0128172
12,10,10.0135,0.0669372,0.00337579,14.7201,-0.0134866
12.01,10,10.0142,0.0669566,0.00194259,14.7179,-0.0141561
12.02,10,10.0148,0.0669619,0.000523522,14.7158,-0.0148257
12.03,10,10.0155,0.0669531,-0.000881301,14.7137,-0.0154953
12.04,10,10.0162,0.0669304,-0.00227177,14.7116,-0.0161646
12.05,10,10.0168,0.0668939,-0.00364777,14.7095,-0.0168335
12.06,10,10.0175,0.0668438,-0.00500921,14.7075,-0.017502
12.07,10,10.0182,0.0667802,-0.00635598,14.7055,-0.0181698
12.08,10,10.0188,0.0667033,-0.007688,14.7035,-0.0188368
12.09,10,10.0195,0.0666133,-0.00900515,14.7015,-0.0195029
12.1,10,10.0202,0.0665102,-0.0103074,14.6995,-0.020168
12.11,10,10.0208,0.0663943,-0.0115946,14.6976,-0.020832
12.12,10,10.0215,0.0662656,-0.0128666,14.6957,-0.0214946
12.13,10,10.0222,0.0661244,-0.0141235,14.6938,-0.0221559
12.14,10,10.0228,0.0659707,-0.0153652,14.692,-0.0228156
12.15,10,10.0235,0.0658048,-0.0165914,14.6901,-0.0234736
12.16,10,10.0241,0.0656268,-0.0178023,14.6883,-0.0241299
12.17,10,10.0248,0.0654368,-0.0189978,14.6865,-0.0247843
12.18,10,10.0254,0.065235,-0.0201777,14.6847,-0.0254366
12.19,10,10.0261,0.0650216,-0.021342,14.683,-0.0260868
12.2,10,10.0267,0.0647967,-0.0224907,14.6813,-0.0267348
12.21,10,10.0274,0.0645605,-0.0236236,14.6796,-0.0273804
12.22,10,10.028,0.0643131,-0.0247409,14.6779,-0.0280235
12.23,10,10.0287,0.0640546,-0.0258424,14.6762,-0.0286641
12.24,10,10.0293,0.0637854,-0.026928,14.6746,-0.0293019
12.25,10,10.0299,0.0635054,-0.0279978,14.673,-0.029937
12.26,10,10.0306,0.0632149,-0.0290517,14.6714,-0.0305691
12.27,10,10.0312,0.062914,-0.0300896,14.6699,-0.0311983
12.28,10,10.0318,0.0626028,-0.0311116,14.6683,-0.0318243
12.29,10,10.0324,0.0622817,-0.0321176,14.6668,-0.0324471
12.3,10,10.0331,0.0619506,-0.0331076,14.6653,-0.0330666
12.31,10,10.0337,0.0616098,-0.0340816,14.6639,-0.0336827
12.32,10,10.0343,0.0612594,-0.0350396,14.6624,-0.0342953
12.33,10,10.0349,0.0608996,-0.0359815,14.661,-0.0349043
12.34,10,10.0355,0.0605305,-0.0369073,14.6596,-0.0355096
12.35,10,10.0361,0.0601523,-0.0378171,14.6583,-0.0361111
12.36,10,10.0367,0.0597652,-0.0387107,14.6569,-0.0367088
12.37,10,10.0373,0.0593693,-0.0395884,14.6556,-0.0373025
12.38,10,10.0379,0.0589648,-0.0404499,14.6543,-0.0378921
12.39,10,10.0385,0.0585519,-0.0412954,14.6531,-0.0384776
12.4,10,10.0391,0.0581306,-0.0421248,14.6518,-0.039059
12.41,10,10.0396,0.0577013,-0.0429381,14.6506,-0.039636
12.42,10,10.0402,0.0572639,-0.0437354,14.6494,-0.0402086
12.43,10,10.0408,0.0568187,-0.0445167,14.6482,-0.0407768
12.44,10,10.0413,0.0563659,-0.045282,14.6471,-0.0413405
12.45,10,10.0419,0.0559056,-0.0460313,14.646,-0.0418995
12.46,10,10.0425,0.0554379,-0.0467646,14.6449,-0.0424539
12.47,10,10.043,0.0549631,-0.047482,14.6438,-0.0430035
12.48,10,10.0435,0.0544813,-0.0481835,14.6427,-0.0435483
12.49,10,10.0441,0.0539926,-0.0488691,14.6417,-0.0440883
12.5,10,10.0446,0.0534972,-0.0495389,14.6407,-0.0446232
12.51,10,10.0452,0.0529953,-0.0501929,14.6397,-0.0451532
12.52,10,10.0457,0.052487,-0.0508311,14.6388,-0.0456781
12.53,10,10.0462,0.0519724,-0.0514536,14.6378,-0.0461978
12.54,10,10.0467,0.0514518,-0.0520604,14.6369,-0.0467123
12.55,10,10.0472,0.0509253,-0.0526515,14.636,-0.0472215
12.56,10,10.0477,0.050393,-0.0532271,14.6352,-0.0477255
12.57,10,10.0482,0.0498552,-0.0537871,14.6343,-0.048224
12.58,10,10.0487,0.0493119,-0.0543317,14.6335,-0.0487171
12.59,10,10.0492,0.0487633,-0.0548608,14.6327,-0.0492048
12.6,10,10.0497,0.0482095,-0.0553746,14.6319,-0.0496869
12.61,10,10.0502,0.0476508,-0.055873,14.6312,-0.0501634
12.62,10,10.0506,0.0470872,-0.0563562,14.6305,-0.0506343
12.63,10,10.0511,0.046519,-0.0568242,14.6298,-0.0510994
12.64,10,10.0516,0.0459462,-0.0572771,14.6291,-0.0515589
12.65,10,10.052,0.0453691,-0.0577149,14.6284,-0.0520126
12.66,10,10.0525,0.0447877,-0.0581378,14.6278,-0.0524605
12.67,10,10.0529,0.0442022,-0.0585457,14.6272,-0.0529025
12.68,10,10.0533,0.0436128,-0.0589388,14.6266,-0.0533386
12.69,10,10.0538,0.0430197,-0.0593172,14.626,-0.0537688
12.7,10,10.0542,0.0424229,-0.0596808,14.6255,-0.0541931
12.71,10,10.0546,0.0418226,-0.0600299,14.625,-0.0546113
12.72,10,10.055,0.0412189,-0.0603644,14.6245,-0.0550235
12.73,10,10.0554,0.0406121,-0.0606845,14.624,-0.0554296
12.74,10,10.0558,0.0400022,-0.0609903,14.6235,-0.0558296
12.75,10,10.0562,0.0393893,-0.0612818,14.6231,-0.0562235
12.76,10,10.0566,0.0387738,-0.0615591,14.6227,-0.0566112
12.77,10,10.057,0.0381555,-0.0618223,14.6223,-0.0569928
12.78,10,10.0574,0.0375348,-0.0620715,14.6219,-0.0573681
12.79,10,10.0577,0.0369117,-0.0623068,14.6215,-0.0577373
12.8,10,10.0581,0.0362865,-0.0625283,14.6212,-0.0581001
12.81,10,10.0585,0.0356591,-0.0627361,14.6209,-0.0584567
12.82,10,10.0588,0.0350298,-0.0629303,14.6206,-0.058807
12.83,10,10.0592,0.0343987,-0.0631109,14.6203,-0.059151
12.84,10,10.0595,0.0337659,-0.0632782,14.6201,-0.0594887
12.85,10,10.0598,0.0331316,-0.0634321,14.6199,-0.05982
12.86,10,10.0601,0.0324959,-0.0635728,14.6196,-0.0601449
12.87,10,10.0605,0.0318589,-0.0637005,14.6194,-0.0604635
12.88,10,10.0608,0.0312207,-0.0638151,14.6193,-0.0607757
12.89,10,10.0611,0.0305815,-0.0639168,14.6191,-0.0610815
12.9,10,10.0614,0.0299415,-0.0640058,14.619,-0.061381
12.91,10,10.0617,0.0293007,-0.0640821,14.6189,-0.061674
12.92,10,10.062,0.0286592,-0.0641458,14.6188,-0.0619606
12.93,10,10.0622,0.0280172,-0.0641971,14.6187,-0.0622407
12.94,10,10.0625,0.0273749,-0.064236,14.6186,-0.0625145
12.95,10,10.0628,0.0267322,-0.0642627,14.6186,-0.0627818
12.96,10,10.063,0.0260895,-0.0642773,14.6186,-0.0630427
12.97,10,10.0633,0.0254467,-0.06428,14.6186,-0.0632972
12.98,10,10.0635,0.024804,-0.0642707,14.6186,-0.0635452
12.99,10,10.0638,0.0241615,-0.0642497,14.6186,-0.0637868
13,10,10.064,0.0235193,-0.0642171,14.6187,-0.064022
13.01,10,10.0643,0.0228776,-0.064173,14.6187,-0.0642508
13.02,10,10.0645,0.0222364,-0.0641175,14.6188,-0.0644731
13.03,10,10.0647,0.0215959,-0.0640507,14.6189,-0.0646891
13.04,10,10.0649,0.0209562,-0.0639727,14.619,-0.0648987
13.05,10,10.0651,0.0203173,-0.0638838,14.6192,-0.0651018
13.06,10,10.0653,0.0196795,-0.0637839,14.6193,-0.0652986
13.07,10,10.0655,0.0190427,-0.0636733,14.6195,-0.0654891
13.08,10,10.0657,0.0184072,-0.063552,14.6197,-0.0656731
13.09,10,10.0659,0.017773,-0.0634203,14.6199,-0.0658509
13.1,10,10.066,0.0171402,-0.0632781,14.6201,-0.0660223
13.11,10,10.0662,0.016509,-0.0631256,14.6203,-0.0661874
13.12,10,10.0663,0.0158794,-0.0629631,14.6206,-0.0663462
13.13,10,10.0665,0.0152514,-0.0627905,14.6208,-0.0664987
13.14,10,10.0666,0.0146254,-0.062608,14.6211,-0.0666449
13.15,10,10.0668,0.0140012,-0.0624158,14.6214,-0.0667849
13.16,10,10.0669,0.0133791,-0.062214,14.6217,-0.0669187
13.17,10,10.067,0.012759,-0.0620027,14.622,-0.0670463
13.18,10,10.0672,0.0121412,-0.061782,14.6223,-0.0671677
13.19,10,10.0673,0.0115257,-0.0615521,14.6227,-0.067283
13.2,10,10.0674,0.0109126,-0.0613131,14.623,-0.0673921
13.21,10,10.0675,0.0103019,-0.0610652,14.6234,-0.0674951
13.22,10,10.0676,0.00969383,-0.0608084,14.6238,-0.0675921
13.23,10,10.0677,0.0090884,-0.060543,14.6242,-0.067683
13.24,10,10.0678,0.00848572,-0.060269,14.6246,-0.0677678
13.25,10,10.0678,0.00788585,-0.0599865,14.625,-0.0678467
13.26,10,10.0679,0.00728889,-0.0596958,14.6255,-0.0679196
13.27,10,10.068,0.00669492,-0.0593969,14.6259,-0.0679865
13.28,10,10.068,0.00610402,-0.05909,14.6264,-0.0680475
13.29,10,10.0681,0.00551627,-0.0587752,14.6268,-0.0681027
13.3,10,10.0682,0.00493175,-0.0584526,14.6273,-0.068152
13.31,10,10.0682,0.00435052,-0.0581224,14.6278,-0.0681955
13.32,10,10.0682,0.00377267,-0.0577847,14.6283,-0.0682333
13.33,10,10.0683,0.00319828,-0.0574397,14.6288,-0.0682652
13.34,10,10.0683,0.0026274,-0.0570875,14.6294,-0.0682915
13.35,10,10.0683,0.00206012,-0.0567281,14.6299,-0.0683121
13.36,10,10.0683,0.0014965,-0.0563618,14.6305,-0.0683271
13.37,10,10.0683,0.000936616,-0.0559887,14.631,-0.0683364
13.38,10,10.0683,0.000380527,-0.0556089,14.6316,-0.0683403
13.39,10,10.0683,-0.000171699,-0.0552226,14.6322,-0.0683385
13.4,10,10.0683,-0.000719998,-0.0548299,14.6328,-0.0683313
13.41,10,10.0683,-0.00126431,-0.0544308,14.6334,-0.0683187
13.42,10,10.0683,-0.00180456,-0.0540256,14.634,-0.0683006
13.43,10,10.0683,-0.00234071,-0.0536144,14.6346,-0.0682772
13.44,10,10.0682,-0.00287268,-0.0531974,14.6352,-0.0682485
13.45,10,10.0682,-0.00340043,-0.0527745,14.6358,-0.0682145
13.46,10,10.0682,-0.00392389,-0.0523461,14.6365,-0.0681753
13.47,10,10.0681,-0.00444301,-0.0519122,14.6371,-0.0681308
13.48,10,10.0681,-0.00495774,-0.0514729,14.6378,-0.0680813
13.49,10,10.068,-0.00546802,-0.0510284,14.6385,-0.0680266
13.5,10,10.068,-0.00597381,-0.0505788,14.6391,-0.0679668
13.51,10,10.0679,-0.00647505,-0.0501242,14.6398,-0.0679021
13.52,10,10.0678,-0.0069717,-0.0496648,14.6405,-0.0678324
13.53,10,10.0678,-0.00746371,-0.0492008,14.6412,-0.0677577
13.54,10,10.0677,-0.00795103,-0.0487321,14.6419,-0.0676782
13.55,10,10.0676,-0.00843362,-0.048259,14.6426,-0.0675939
13.56,10,10.0675,-0.00891143,-0.0477816,14.6433,-0.0675048
13.57,10,10.0674,-0.00938443,-0.0473,14.644,-0.0674109
13.58,10,10.0673,-0.00985258,-0.0468144,14.6448,-0.0673124
13.59,10,10.0672,-0.0103158,-0.0463248,14.6455,-0.0672092
13.6,10,10.0671,-0.0107741,-0.0458314,14.6463,-0.0671015
13.61,10,10.067,-0.0112275,-0.0453344,14.647,-0.0669892
13.62,10,10.0669,-0.0116758,-0.0448338,14.6477,-0.0668725
13.63,10,10.0668,-0.0121191,-0.0443297,14.6485,-0.0667513
13.64,10,10.0666,-0.0125573,-0.0438224,14.6493,-0.0666257
13.65,10,10.0665,-0.0129905,-0.0433119,14.65,-0.0664958
13.66,10,10.0664,-0.0134184,-0.0427983,14.6508,-0.0663616
13.67,10,10.0662,-0.0138413,-0.0422818,14.6516,-0.0662232
13.68,10,10.0661,-0.0142589,-0.0417625,14.6524,-0.0660806
13.69,10,10.0659,-0.0146713,-0.0412405,14.6531,-0.0659339
13.7,10,10.0658,-0.0150785,-0.0407159,14.6539,-0.0657831
13.71,10,10.0656,-0.0154803,-0.0401889,14.6547,-0.0656283
13.72,10,10.0655,-0.0158769,-0.0396595,14.6555,-0.0654695
13.73,10,10.0653,-0.0162682,-0.039128,14.6563,-0.0653069
13.74,10,10.0651,-0.0166542,-0.0385943,14.6571,-0.0651403
13.75,10,10.065,-0.0170347,-0.0380586,14.6579,-0.06497
13.76,10,10.0648,-0.01741,-0.0375211,14.6587,-0.0647959
13.77,10,10.0646,-0.0177798,-0.0369818,14.6595,-0.0646181
13.78,10,10.0644,-0.0181442,-0.0364409,14.6603,-0.0644366
13.79,10,10.0643,-0.0185032,-0.0358985,14.6612,-0.0642516
13.8,10,10.0641,-0.0188567,-0.0353547,14.662,-0.064063
13.81,10,10.0639,-0.0192048,-0.0348095,14.6628,-0.063871
13.82,10,10.0637,-0.0195474,-0.0342632,14.6636,-0.0636755
13.83,10,10.0635,-0.0198846,-0.0337158,14.6644,-0.0634767
13.84,10,10.0633,-0.0202163,-0.0331674,14.6652,-0.0632745
13.85,10,10.0631,-0.0205425,-0.0326182,14.6661,-0.0630691
13.86,10,10.0629,-0.0208631,-0.0320682,14.6669,-0.0628605
13.87,10,10.0626,-0.0211783,-0.0315176,14.6677,-0.0626487
13.88,10,10.0624,-0.021488,-0.0309664,14.6686,-0.0624338
13.89,10,10.0622,-0.0217921,-0.0304148,14.6694,-0.0622159
13.9,10,10.062,-0.0220908,-0.0298628,14.6702,-0.061995
13.91,10,10.0618,-0.0223839,-0.0293106,14.671,-0.0617711
13.92,10,10.0615,-0.0226714,-0.0287583,14.6719,-0.0615444
13.93,10,10.0613,-0.0229535,-0.0282059,14.6727,-0.0613149
13.94,10,10.0611,-0.02323,-0.0276537,14.6735,-0.0610826
13.95,10,10.0608,-0.0235011,-0.0271015,14.6743,-0.0608476
13.96,10,10.0606,-0.0237666,-0.0265497,14.6752,-0.0606099
13.97,10,10.0604,-0.0240265,-0.0259982,14.676,-0.0603696
13.98,10,10.0601,-0.024281,-0.0254472,14.6768,-0.0601268
13.99,10,10.0599,-0.02453,-0.0248967,14.6777,-0.0598815
14,10,10.0596,-0.0247734,-0.0243469,14.6785,-0.0596338
14.01,10,10.0594,-0.0250114,-0.0237978,14.6793,-0.0593837
14.02,10,10.0591,-0.0252439,-0.0232495,14.6801,-0.0591312
14.03,10,10.0589,-0.0254709,-0.0227022,14.6809,-0.0588765
14.04,10,10.0586,-0.0256925,-0.0221558,14.6818,-0.0586196
14.05,10,10.0584,-0.0259086,-0.0216106,14.6826,-0.0583605
14.06,10,10.0581,-0.0261193,-0.0210665,14.6834,-0.0580993
14.07,10,10.0578,-0.0263245,-0.0205237,14.6842,-0.0578361
14.08,10,10.0576,-0.0265243,-0.0199823,14.685,-0.0575708
14.09,10,10.0573,-0.0267187,-0.0194423,14.6858,-0.0573036
14.1,10,10.057,-0.0269078,-0.0189038,14.6866,-0.0570346
14.11,10,10.0568,-0.0270915,-0.018367,14.6874,-0.0567637
14.12,10,10.0565,-0.0272698,-0.0178318,14.6883,-0.056491
14.13,10,10.0562,-0.0274428,-0.0172984,14.6891,-0.0562165
14.14,10,10.0559,-0.0276104,-0.0167668,14.6898,-0.0559404
14.15,10,10.0557,-0.0277728,-0.0162372,14.6906,-0.0556627
14.16,10,10.0554,-0.0279299,-0.0157095,14.6914,-0.0553834
14.17,10,10.0551,-0.0280817,-0.0151839,14.6922,-0.0551026
14.18,10,10.0548,-0.0282283,-0.0146605,14.693,-0.0548203
14.19,10,10.0545,-0.0283697,-0.0141393,14.6938,-0.0545366
14.2,10,10.0543,-0.0285059,-0.0136204,14.6946,-0.0542515
14.21,10,10.054,-0.028637,-0.0131038,14.6953,-0.0539652
14.22,10,10.0537,-0.0287629,-0.0125897,14.6961,-0.0536775
14.23,10,10.0534,-0.0288837,-0.0120781,14.6969,-0.0533887
14.24,10,10.0531,-0.0289993,-0.011569,14.6976,-0.0530987
14.25,10,10.0528,-0.02911,-0.0110626,14.6984,-0.0528076
14.26,10,10.0525,-0.0292156,-0.0105589,14.6992,-0.0525155
14.27,10,10.0522,-0.0293161,-0.0100579,14.6999,-0.0522223
14.28,10,10.0519,-0.0294117,-0.00955979,14.7007,-0.0519282
14.29,10,10.0516,-0.0295024,-0.00906455,14.7014,-0.0516332
14.3,10,10.0513,-0.0295881,-0.00857226,14.7021,-0.0513373
14.31,10,10.051,-0.0296689,-0.00808298,14.7029,-0.0510406
14.32,10,10.0507,-0.0297449,-0.00759677,14.7036,-0.0507431
14.33,10,10.0504,-0.029816,-0.00711368,14.7043,-0.050445
14.34,10,10.0501,-0.0298824,-0.00663378,14.705,-0.0501461
14.35,10,10.0498,-0.0299439,-0.00615711,14.7058,-0.0498467
14.36,10,10.0495,-0.0300008,-0.00568373,14.7065,-0.0495467
14.37,10,10.0492,-0.0300529,-0.0052137,14.7072,-0.0492462
14.38,10,10.0489,-0.0301004,-0.00474706,14.7079,-0.0489452
14.39,10,10.0486,-0.0301432,-0.00428387,14.7086,-0.0486437
14.4,10,10.0483,-0.0301815,-0.00382417,14.7093,-0.0483419
14.41,10,10.048,-0.0302151,-0.00336802,14.7099,-0.0480398
14.42,10,10.0477,-0.0302443,-0.00291546,14.7106,-0.0477373
14.43,10,10.0474,-0.030269,-0.00246654,14.7113,-0.0474346
14.44,10,10.0471,-0.0302892,-0.0020213,14.712,-0.0471317
14.45,10,10.0468,-0.030305,-0.00157979,14.7126,-0.0468287
14.46,10,10.0465,-0.0303164,-0.00114204,14.7133,-0.0465255
14.47,10,10.0462,-0.0303235,-0.000708114,14.7139,-0.0462223
14.48,10,10.0459,-0.0303263,-0.000278036,14.7146,-0.045919
14.49,10,10.0456,-0.0303248,0.000148149,14.7152,-0.0456158
14.5,10,10.0453,-0.0303191,0.000570404,14.7159,-0.0453126
14.51,10,10.045,-0.0303092,0.00098869,14.7165,-0.0450095
14.52,10,10.0447,-0.0302952,0.00140297,14.7171,-0.0447066
14.53,10,10.0444,-0.030277,0.00181321,14.7177,-0.0444038
14.54,10,10.0441,-0.0302548,0.00221938,14.7183,-0.0441012
14.55,10,10.0438,-0.0302286,0.00262144,14.7189,-0.0437989
14.56,10,10.0435,-0.0301984,0.00301936,14.7195,-0.043497
14.57,10,10.0432,-0.0301643,0.00341311,14.7201,-0.0431953
14.58,10,10.0429,-0.0301263,0.00380265,14.7207,-0.0428941
14.59,10,10.0426,-0.0300844,0.00418797,14.7213,-0.0425932
14.6,10,10.0423,-0.0300387,0.00456903,14.7219,-0.0422928
14.61,10,10.042,-0.0299892,0.0049458,14.7224,-0.0419929
14.62,10,10.0417,-0.0299361,0.00531827,14.723,-0.0416936
14.63,10,10.0414,-0.0298792,0.0056864,14.7235,-0.0413948
14.64,10,10.0411,-0.0298187,0.00605016,14.7241,-0.0410966
14.65,10,10.0408,-0.0297546,0.00640955,14.7246,-0.040799
14.66,10,10.0405,-0.029687,0.00676453,14.7251,-0.0405022
14.67,10,10.0402,-0.0296158,0.00711509,14.7257,-0.040206
14.68,10,10.0399,-0.0295412,0.0074612,14.7262,-0.0399106
14.69,10,10.0396,-0.0294632,0.00780284,14.7267,-0.039616
14.7,10,10.0393,-0.0293818,0.00814001,14.7272,-0.0393222
14.71,10,10.039,-0.029297,0.00847268,14.7277,-0.0390292
14.72,10,10.0387,-0.029209,0.00880083,14.7282,-0.0387371
14.73,10,10.0384,-0.0291178,0.00912445,14.7287,-0.0384459
14.74,10,10.0382,-0.0290233,0.00944353,14.7292,-0.0381557
14.75,10,10.0379,-0.0289258,0.00975805,14.7296,-0.0378664
14.76,10,10.0376,-0.0288251,0.010068,14.7301,-0.0375782
14.77,10,10.0373,-0.0287214,0.0103734,14.7306,-0.037291
14.78,10,10.037,-0.0286146,0.0106742,14.731,-0.0370048
14.79,10,10.0367,-0.0285049,0.0109703,14.7315,-0.0367198
14.8,10,10.0364,-0.0283923,0.0112619,14.7319,-0.0364358
14.81,10,10.0362,-0.0282768,0.0115489,14.7323,-0.0361531
14.82,10,10.0359,-0.0281585,0.0118312,14.7327,-0.0358715
14.83,10,10.0356,-0.0280374,0.0121089,14.7332,-0.0355911
14.84,10,10.0353,-0.0279136,0.012382,14.7336,-0.035312
14.85,10,10.035,-0.0277871,0.0126504,14.734,-0.0350341
14.86,10,10.0348,-0.0276579,0.0129142,14.7344,-0.0347575
14.87,10,10.0345,-0.0275262,0.0131734,14.7348,-0.0344823
14.88,10,10.0342,-0.0273919,0.0134279,14.7351,-0.0342084
14.89,10,10.0339,-0.0272551,0.0136778,14.7355,-0.0339358
14.9,10,10.0337,-0.0271159,0.013923,14.7359,-0.0336646
14.91,10,10.0334,-0.0269743,0.0141636,14.7362,-0.0333949
14.92,10,10.0331,-0.0268303,0.0143995,14.7366,-0.0331266
14.93,10,10.0329,-0.026684,0.0146308,14.7369,-0.0328598
14.94,10,10.0326,-0.0265354,0.0148575,14.7373,-0.0325944
14.95,10,10.0323,-0.0263846,0.0150795,14.7376,-0.0323306
14.96,10,10.0321,-0.0262316,0.015297,14.7379,-0.0320682
14.97,10,10.0318,-0.0260765,0.0155098,14.7383,-0.0318075
14.98,10,10.0315,-0.0259194,0.0157179,14.7386,-0.0315483
14.99,10,10.0313,-0.0257601,0.0159215,14.7389,-0.0312907
15,10,10.031,-0.0255989,0.0161205,14.7392,-0.0310347
15.01,10,10.0308,-0.0254358,0.0163149,14.7395,-0.0307803
15.02,10,10.0305,-0.0252707,0.0165047,14.7398,-0.0305276
15.03,10,10.0303,-0.0251038,0.01669,14.74,-0.0302766
15.04,10,10.03,-0.0249351,0.0168707,14.7403,-0.0300272
15.05,10,10.0298,-0.0247647,0.0170468,14.7406,-0.0297796
15.06,10,10.0295,-0.0245925,0.0172184,14.7408,-0.0295337
15.07,10,10.0293,-0.0244186,0.0173855,14.7411,-0.0292895
15.08,10,10.029,-0.0242431,0.0175481,14.7413,-0.0290471
15.09,10,10.0288,-0.0240661,0.0177062,14.7416,-0.0288064
15.1,10,10.0286,-0.0238875,0.0178598,14.7418,-0.0285675
15.11,10,10.0283,-0.0237074,0.018009,14.742,-0.0283304
15.12,10,10.0281,-0.0235259,0.0181537,14.7422,-0.0280952
15.13,10,10.0279,-0.0233429,0.018294,14.7424,-0.0278618
15.14,10,10.0276,-0.0231586,0.0184299,14.7426,-0.0276302
15.15,10,10.0274,-0.022973,0.0185614,14.7428,-0.0274004
15.16,10,10.0272,-0.0227861,0.0186885,14.743,-0.0271726
15.17,10,10.0269,-0.022598,0.0188113,14.7432,-0.0269466
15.18,10,10.0267,-0.0224087,0.0189297,14.7434,-0.0267225
15.19,10,10.0265,-0.0222183,0.0190438,14.7436,-0.0265003
15.2,10,10.0263,-0.0220267,0.0191537,14.7437,-0.0262801
15.21,10,10.0261,-0.0218341,0.0192592,14.7439,-0.0260617
15.22,10,10.0258,-0.0216405,0.0193606,14.744,-0.0258453
15.23,10,10.0256,-0.021446,0.0194577,14.7442,-0.0256309
15.24,10,10.0254,-0.0212505,0.0195506,14.7443,-0.0254183
15.25,10,10.0252,-0.0210541,0.0196393,14.7445,-0.0252078
15.26,10,10.025,-0.0208568,0.0197239,14.7446,-0.0249992
15.27,10,10.0248,-0.0206588,0.0198043,14.7447,-0.0247927
15.28,10,10.0246,-0.02046,0.0198807,14.7448,-0.0245881
15.29,10,10.0244,-0.0202604,0.019953,14.7449,-0.0243854
15.3,10,10.0242,-0.0200602,0.0200212,14.745,-0.0241848
15.31,10,10.024,-0.0198594,0.0200854,14.7451,-0.0239863
15.32,10,10.0238,-0.0196579,0.0201456,14.7452,-0.0237897
15.33,10,10.0236,-0.0194559,0.0202019,14.7453,-0.0235951
15.34,10,10.0234,-0.0192534,0.0202542,14.7454,-0.0234026
15.35,10,10.0232,-0.0190503,0.0203026,14.7455,-0.0232121
15.36,10,10.023,-0.0188469,0.0203471,14.7455,-0.0230236
15.37,10,10.0228,-0.018643,0.0203878,14.7456,-0.0228372
15.38,10,10.0227,-0.0184387,0.0204246,14.7456,-0.0226528
15.39,10,10.0225,-0.0182342,0.0204577,14.7457,-0.0224704
15.4,10,10.0223,-0.0180293,0.020487,14.7457,-0.0222902
15.41,10,10.0221,-0.0178242,0.0205126,14.7458,-0.0221119
15.42,10,10.0219,-0.0176188,0.0205345,14.7458,-0.0219357
15.43,10,10.0218,-0.0174133,0.0205527,14.7458,-0.0217616
15.44,10,10.0216,-0.0172076,0.0205673,14.7459,-0.0215895
15.45,10,10.0214,-0.0170018,0.0205783,14.7459,-0.0214195
15.46,10,10.0213,-0.016796,0.0205857,14.7459,-0.0212515
15.47,10,10.0211,-0.0165901,0.0205896,14.7459,-0.0210856
15.48,10,10.0209,-0.0163842,0.02059,14.7459,-0.0209218
15.49,10,10.0208,-0.0161783,0.0205869,14.7459,-0.02076
15.5,10,10.0206,-0.0159725,0.0205804,14.7459,-0.0206003
15.51,10,10.0204,-0.0157668,0.0205705,14.7459,-0.0204426
15.52,10,10.0203,-0.0155612,0.0205572,14.7458,-0.020287
15.53,10,10.0201,-0.0153558,0.0205406,14.7458,-0.0201334
15.54,10,10.02,-0.0151506,0.0205207,14.7458,-0.0199819
15.55,10,10.0198,-0.0149456,0.0204975,14.7457,-0.0198325
15.56,10,10.0197,-0.0147409,0.0204711,14.7457,-0.0196851
15.57,10,10.0195,-0.0145365,0.0204415,14.7457,-0.0195397
15.58,10,10.0194,-0.0143324,0.0204088,14.7456,-0.0193964
15.59,10,10.0193,-0.0141287,0.020373,14.7456,-0.0192551
15.6,10,10.0191,-0.0139254,0.020334,14.7455,-0.0191158
15.61,10,10.019,-0.0137224,0.0202921,14.7454,-0.0189786
15.62,10,10.0188,-0.01352,0.0202471,14.7454,-0.0188434
15.63,10,10.0187,-0.013318,0.0201992,14.7453,-0.0187102
15.64,10,10.0186,-0.0131165,0.0201483,14.7452,-0.0185791
15.65,10,10.0184,-0.0129156,0.0200945,14.7451,-0.0184499
15.66,10,10.0183,-0.0127152,0.0200379,14.7451,-0.0183228
15.67,10,10.0182,-0.0125154,0.0199785,14.745,-0.0181976
15.68,10,10.0181,-0.0123162,0.0199162,14.7449,-0.0180745
15.69,10,10.018,-0.0121177,0.0198513,14.7448,-0.0179533
15.7,10,10.0178,-0.0119199,0.0197836,14.7447,-0.0178341
15.71,10,10.0177,-0.0117227,0.0197133,14.7446,-0.0177169
15.72,10,10.0176,-0.0115263,0.0196403,14.7445,-0.0176016
15.73,10,10.0175,-0.0113307,0.0195647,14.7443,-0.0174883
15.74,10,10.0174,-0.0111358,0.0194866,14.7442,-0.0173769
15.75,10,10.0173,-0.0109418,0.019406,14.7441,-0.0172675
15.76,10,10.0172,-0.0107485,0.0193229,14.744,-0.01716
15.77,10,10.0171,-0.0105562,0.0192373,14.7439,-0.0170545
15.78,10,10.017,-0.0103647,0.0191494,14.7437,-0.0169508
15.79,10,10.0168,-0.0101741,0.0190591,14.7436,-0.0168491
15.8,10,10.0167,-0.00998442,0.0189665,14.7434,-0.0167492
15.81,10,10.0167,-0.0097957,0.0188716,14.7433,-0.0166513
15.82,10,10.0166,-0.00960796,0.0187744,14.7432,-0.0165552
15.83,10,10.0165,-0.00942121,0.0186751,14.743,-0.016461
15.84,10,10.0164,-0.00923547,0.0185735,14.7429,-0.0163686
15.85,10,10.0163,-0.00905077,0.0184699,14.7427,-0.0162781
15.86,10,10.0162,-0.00886713,0.0183641,14.7425,-0.0161894
15.87,10,10.0161,-0.00868457,0.0182564,14.7424,-0.0161026
15.88,10,10.016,-0.0085031,0.0181466,14.7422,-0.0160176
15.89,10,10.0159,-0.00832275,0.0180348,14.7421,-0.0159343
15.9,10,10.0159,-0.00814354,0.0179211,14.7419,-0.0158529
15.91,10,10.0158,-0.00796549,0.0178055,14.7417,-0.0157732
15.92,10,10.0157,-0.00778861,0.0176881,14.7415,-0.0156954
15.93,10,10.0156,-0.00761292,0.0175688,14.7414,-0.0156192
15.94,10,10.0155,-0.00743844,0.0174477,14.7412,-0.0155448
15.95,10,10.0155,-0.00726519,0.017325,14.741,-0.0154722
15.96,10,10.0154,-0.00709319,0.0172005,14.7408,-0.0154013
15.97,10,10.0153,-0.00692244,0.0170743,14.7406,-0.015332
15.98,10,10.0153,-0.00675298,0.0169466,14.7404,-0.0152645
15.99,10,10.0152,-0.00658481,0.0168172,14.7402,-0.0151987
16,10,10.0151,-0.00641794,0.0166863,14.74,-0.0151345
16.01,10,10.0151,-0.0062524,0.0165539,14.7398,-0.015072
16.02,10,10.015,-0.0060882,0.01642,14.7396,-0.0150111
16.03,10,10.015,-0.00592536,0.0162847,14.7394,-0.0149518
16.04,10,10.0149,-0.00576388,0.016148,14.7392,-0.0148942
16.05,10,10.0148,-0.00560378,0.0160099,14.739,-0.0148381
16.06,10,10.0148,-0.00544507,0.0158705,14.7388,-0.0147837
16.07,10,10.0147,-0.00528778,0.0157298,14.7386,-0.0147308
16.08,10,10.0147,-0.0051319,0.0155879,14.7384,-0.0146795
16.09,10,10.0146,-0.00497745,0.0154448,14.7382,-0.0146297
16.1,10,10.0146,-0.00482444,0.0153004,14.738,-0.0145815
16.11,10,10.0145,-0.00467289,0.015155,14.7377,-0.0145348
16.12,10,10.0145,-0.00452281,0.0150085,14.7375,-0.0144895
16.13,10,10.0144,-0.0043742,0.0148609,14.7373,-0.0144458
16.14,10,10.0144,-0.00422708,0.0147122,14.7371,-0.0144035
16.15,10,10.0144,-0.00408145,0.0145626,14.7368,-0.0143627
16.16,10,10.0143,-0.00393733,0.014412,14.7366,-0.0143233
16.17,10,10.0143,-0.00379473,0.0142605,14.7364,-0.0142854
16.18,10,10.0142,-0.00365365,0.0141082,14.7362,-0.0142488
16.19,10,10.0142,-0.0035141,0.013955,14.7359,-0.0142137
16.2,10,10.0142,-0.00337609,0.0138009,14.7357,-0.0141799
16.21,10,10.0141,-0.00323963,0.0136461,14.7355,-0.0141475
16.22,10,10.0141,-0.00310472,0.0134906,14.7352,-0.0141165
16.23,10,10.0141,-0.00297138,0.0133343,14.735,-0.0140868
16.24,10,10.0141,-0.0028396,0.0131774,14.7348,-0.0140584
16.25,10,10.014,-0.00270941,0.0130198,14.7345,-0.0140313
16.26,10,10.014,-0.00258079,0.0128616,14.7343,-0.0140055
16.27,10,10.014,-0.00245376,0.0127029,14.7341,-0.0139809
16.28,10,10.014,-0.00232832,0.0125436,14.7338,-0.0139577
16.29,10,10.0139,-0.00220449,0.0123838,14.7336,-0.0139356
16.3,10,10.0139,-0.00208225,0.0122236,14.7333,-0.0139148
16.31,10,10.0139,-0.00196162,0.0120629,14.7331,-0.0138952
16.32,10,10.0139,-0.00184261,0.0119018,14.7329,-0.0138768
16.33,10,10.0139,-0.0017252,0.0117403,14.7326,-0.0138595
16.34,10,10.0138,-0.00160942,0.0115785,14.7324,-0.0138434
16.35,10,10.0138,-0.00149525,0.0114163,14.7321,-0.0138285
16.36,10,10.0138,-0.00138272,0.0112539,14.7319,-0.0138146
16.37,10,10.0138,-0.0012718,0.0110913,14.7316,-0.0138019
16.38,10,10.0138,-0.00116252,0.0109284,14.7314,-0.0137903
16.39,10,10.0138,-0.00105486,0.0107654,14.7311,-0.0137797
16.4,10,10.0138,-0.000948843,0.0106022,14.7309,-0.0137702
16.41,10,10.0138,-0.000844455,0.0104388,14.7307,-0.0137618
16.42,10,10.0138,-0.000741701,0.0102754,14.7304,-0.0137544
16.43,10,10.0137,-0.000640582,0.0101119,14.7302,-0.013748
16.44,10,10.0137,-0.000541098,0.00994839,14.7299,-0.0137426
16.45,10,10.0137,-0.00044325,0.00978486,14.7297,-0.0137381
16.46,10,10.0137,-0.000347036,0.00962135,14.7294,-0.0137347
16.47,10,10.0137,-0.000252457,0.0094579,14.7292,-0.0137321
16.48,10,10.0137,-0.000159512,0.00929452,14.7289,-0.0137305
16.49,10,10.0137,-6.81995e-05,0.00913126,14.7287,-0.0137299
16.5,10,10.0137,2.14818e-05,0.00896813,14.7285,-0.0137301
16.51,10,10.0137,0.000109533,0.00880516,14.7282,-0.0137312
16.52,10,10.0137,0.000195957,0.00864238,14.728,-0.0137331
16.53,10,10.0137,0.000280755,0.00847982,14.7277,-0.0137359
16.54,10,10.0137,0.00036393,0.0083175,14.7275,-0.0137396
16.55,10,10.0137,0.000445485,0.00815546,14.7272,-0.013744
16.56,10,10.0137,0.000525422,0.00799371,14.727,-0.0137493
16.57,10,10.0138,0.000603745,0.00783228,14.7267,-0.0137553
16.58,10,10.0138,0.000680457,0.00767119,14.7265,-0.0137621
16.59,10,10.0138,0.000755561,0.00751048,14.7263,-0.0137697
16.6,10,10.0138,0.000829063,0.00735016,14.726,-0.013778
16.61,10,10.0138,0.000900966,0.00719027,14.7258,-0.013787
16.62,10,10.0138,0.000971274,0.00703082,14.7255,-0.0137967
16.63,10,10.0138,0.00103999,0.00687184,14.7253,-0.0138071
16.64,10,10.0138,0.00110713,0.00671335,14.7251,-0.0138182
16.65,10,10.0138,0.00117268,0.00655537,14.7248,-0.0138299
16.66,10,10.0138,0.00123666,0.00639793,14.7246,-0.0138423
16.67,10,10.0139,0.00129907,0.00624106,14.7244,-0.0138553
16.68,10,10.0139,0.00135992,0.00608476,14.7241,-0.0138689
16.69,10,10.0139,0.00141921,0.00592907,14.7239,-0.013883
16.7,10,10.0139,0.00147695,0.005774,14.7237,-0.0138978
16.71,10,10.0139,0.00153314,0.00561959,14.7234,-0.0139131
16.72,10,10.0139,0.0015878,0.00546584,14.7232,-0.013929
16.73,10,10.0139,0.00164093,0.00531277,14.723,-0.0139454
16.74,10,10.014,0.00169253,0.00516042,14.7227,-0.0139624
16.75,10,10.014,0.00174262,0.00500879,14.7225,-0.0139798
16.76,10,10.014,0.0017912,0.00485792,14.7223,-0.0139977
16.77,10,10.014,0.00183828,0.00470781,14.7221,-0.0140161
16.78,10,10.014,0.00188386,0.00455848,14.7218,-0.0140349
16.79,10,10.0141,0.00192796,0.00440997,14.7216,-0.0140542
16.8,10,10.0141,0.00197059,0.00426227,14.7214,-0.0140739
16.81,10,10.0141,0.00201174,0.00411542,14.7212,-0.014094
16.82,10,10.0141,0.00205143,0.00396942,14.721,-0.0141145
16.83,10,10.0141,0.00208968,0.0038243,14.7207,-0.0141354
16.84,10,10.0142,0.00212648,0.00368007,14.7205,-0.0141567
16.85,10,10.0142,0.00216185,0.00353676,14.7203,-0.0141783
16.86,10,10.0142,0.00219579,0.00339436,14.7201,-0.0142003
16.87,10,10.0142,0.00222832,0.00325292,14.7199,-0.0142226
16.88,10,10.0142,0.00225944,0.00311242,14.7197,-0.0142452
16.89,10,10.0143,0.00228917,0.0029729,14.7195,-0.014268
16.9,10,10.0143,0.00231752,0.00283437,14.7193,-0.0142912
16.91,10,10.0143,0.00234448,0.00269685,14.719,-0.0143147
16.92,10,10.0143,0.00237009,0.00256034,14.7188,-0.0143384
16.93,10,10.0144,0.00239434,0.00242486,14.7186,-0.0143623
16.94,10,10.0144,0.00241724,0.00229042,14.7184,-0.0143865
16.95,10,10.0144,0.00243881,0.00215705,14.7182,-0.0144109
16.96,10,10.0144,0.00245906,0.00202474,14.718,-0.0144355
16.97,10,10.0145,0.00247799,0.00189352,14.7178,-0.0144602
16.98,10,10.0145,0.00249563,0.0017634,14.7176,-0.0144852
16.99,10,10.0145,0.00251197,0.00163439,14.7175,-0.0145103
17,10,10.0145,0.00252704,0.00150649,14.7173,-0.0145356
17.01,10,10.0146,0.00254083,0.00137973,14.7171,-0.014561
17.02,10,10.0146,0.00255337,0.00125411,14.7169,-0.0145865
17.03,10,10.0146,0.00256467,0.00112965,14.7167,-0.0146122
17.04,10,10.0146,0.00257473,0.00100635,14.7165,-0.0146379
17.05,10,10.0147,0.00258358,0.00088423,14.7163,-0.0146638
17.06,10,10.0147,0.00259121,0.000763293,14.7161,-0.0146897
17.07,10,10.0147,0.00259765,0.000643551,14.716,-0.0147156
17.08,10,10.0147,0.0026029,0.000525013,14.7158,-0.0147417
17.09,10,10.0148,0.00260697,0.000407688,14.7156,-0.0147677
17.1,10,10.0148,0.00260989,0.000291585,14.7154,-0.0147938
17.11,10,10.0148,0.00261166,0.000176713,14.7153,-0.01482
17.12,10,10.0148,0.00261229,6.30794e-05,14.7151,-0.0148461
17.13,10,10.0149,0.00261179,-4.93076e-05,14.7149,-0.0148722
17.14,10,10.0149,0.00261019,-0.000160441,14.7148,-0.0148983
17.15,10,10.0149,0.00260749,-0.000270312,14.7146,-0.0149244
17.16,10,10.015,0.0026037,-0.000378916,14.7144,-0.0149504
17.17,10,10.015,0.00259883,-0.000486244,14.7143,-0.0149764
17.18,10,10.015,0.00259291,-0.000592292,14.7141,-0.0150023
17.19,10,10.015,0.00258594,-0.000697052,14.714,-0.0150282
17.2,10,10.0151,0.00257794,-0.000800519,14.7138,-0.015054
17.21,10,10.0151,0.00256891,-0.000902687,14.7136,-0.0150797
17.22,10,10.0151,0.00255887,-0.00100355,14.7135,-0.0151052
17.23,10,10.0151,0.00254784,-0.00110311,14.7133,-0.0151307
17.24,10,10.0152,0.00253583,-0.00120135,14.7132,-0.0151561
17.25,10,10.0152,0.00252285,-0.00129827,14.7131,-0.0151813
17.26,10,10.0152,0.00250891,-0.00139388,14.7129,-0.0152064
17.27,10,10.0152,0.00249403,-0.00148815,14.7128,-0.0152313
17.28,10,10.0153,0.00247821,-0.0015811,14.7126,-0.0152561
17.29,10,10.0153,0.00246149,-0.00167272,14.7125,-0.0152807
17.3,10,10.0153,0.00244386,-0.001763,14.7124,-0.0153052
17.31,10,10.0153,0.00242534,-0.00185194,14.7122,-0.0153294
17.32,10,10.0154,0.00240594,-0.00193954,14.7121,-0.0153535
17.33,10,10.0154,0.00238568,-0.0020258,14.712,-0.0153773
17.34,10,10.0154,0.00236458,-0.00211071,14.7118,-0.015401
17.35,10,10.0154,0.00234263,-0.00219428,14.7117,-0.0154244
17.36,10,10.0154,0.00231987,-0.0022765,14.7116,-0.0154476
17.37,10,10.0155,0.0022963,-0.00235737,14.7115,-0.0154706
17.38,10,10.0155,0.00227193,-0.00243689,14.7113,-0.0154933
17.39,10,10.0155,0.00224678,-0.00251506,14.7112,-0.0155158
17.4,10,10.0155,0.00222086,-0.00259188,14.7111,-0.015538
17.41,10,10.0156,0.00219418,-0.00266734,14.711,-0.0155599
17.42,10,10.0156,0.00216677,-0.00274146,14.7109,-0.0155816
17.43,10,10.0156,0.00213863,-0.00281422,14.7108,-0.015603
17.44,10,10.0156,0.00210977,-0.00288564,14.7107,-0.0156241
17.45,10,10.0156,0.00208021,-0.0029557,14.7106,-0.0156449
17.46,10,10.0157,0.00204997,-0.00302442,14.7105,-0.0156654
17.47,10,10.0157,0.00201905,-0.00309178,14.7104,-0.0156856
17.48,10,10.0157,0.00198747,-0.0031578,14.7103,-0.0157054
17.49,10,10.0157,0.00195525,-0.00322248,14.7102,-0.015725
17.5,10,10.0157,0.00192239,-0.00328582,14.7101,-0.0157442
17.51,10,10.0158,0.00188891,-0.00334781,14.71,-0.0157631
17.52,10,10.0158,0.00185483,-0.00340847,14.7099,-0.0157817
17.53,10,10.0158,0.00182015,-0.00346779,14.7098,-0.0157999
17.54,10,10.0158,0.00178489,-0.00352578,14.7097,-0.0158177
17.55,10,10.0158,0.00174907,-0.00358244,14.7096,-0.0158352
17.56,10,10.0159,0.00171269,-0.00363777,14.7095,-0.0158523
17.57,10,10.0159,0.00167577,-0.00369178,14.7095,-0.0158691
17.58,10,10.0159,0.00163833,-0.00374447,14.7094,-0.0158855
17.59,10,10.0159,0.00160037,-0.00379585,14.7093,-0.0159015
17.6,10,10.0159,0.00156191,-0.00384591,14.7092,-0.0159171
17.61,10,10.0159,0.00152296,-0.00389467,14.7092,-0.0159323
17.62,10,10.0159,0.00148354,-0.00394212,14.7091,-0.0159471
17.63,10,10.016,0.00144366,-0.00398827,14.709,-0.0159616
17.64,10,10.016,0.00140333,-0.00403313,14.709,-0.0159756
17.65,10,10.016,0.00136256,-0.0040767,14.7089,-0.0159892
17.66,10,10.016,0.00132137,-0.00411899,14.7088,-0.0160025
17.67,10,10.016,0.00127977,-0.00416,14.7088,-0.0160153
17.68,10,10.016,0.00123777,-0.00419974,14.7087,-0.0160276
17.69,10,10.016,0.00119539,-0.00423821,14.7086,-0.0160396
17.7,10,10.0161,0.00115264,-0.00427541,14.7086,-0.0160511
17.71,10,10.0161,0.00110952,-0.00431137,14.7085,-0.0160622
17.72,10,10.0161,0.00106606,-0.00434607,14.7085,-0.0160729
17.73,10,10.0161,0.00102227,-0.00437953,14.7084,-0.0160831
17.74,10,10.0161,0.000978151,-0.00441175,14.7084,-0.0160929
17.75,10,10.0161,0.000933723,-0.00444275,14.7083,-0.0161022
17.76,10,10.0161,0.000888998,-0.00447252,14.7083,-0.0161111
17.77,10,10.0161,0.000843987,-0.00450107,14.7082,-0.0161195
17.78,10,10.0161,0.000798703,-0.00452842,14.7082,-0.0161275
17.79,10,10.0161,0.000753158,-0.00455456,14.7082,-0.0161351
17.8,10,10.0161,0.000707362,-0.00457951,14.7081,-0.0161421
17.81,10,10.0161,0.00066133,-0.00460327,14.7081,-0.0161487
17.82,10,10.0162,0.000615071,-0.00462585,14.7081,-0.0161549
17.83,10,10.0162,0.000568599,-0.00464726,14.708,-0.0161606
17.84,10,10.0162,0.000521924,-0.00466751,14.708,-0.0161658
17.85,10,10.0162,0.000475057,-0.0046866,14.708,-0.0161706
17.86,10,10.0162,0.000428012,-0.00470455,14.7079,-0.0161748
17.87,10,10.0162,0.000380799,-0.00472135,14.7079,-0.0161786
17.88,10,10.0162,0.000333428,-0.00473702,14.7079,-0.016182
17.89,10,10.0162,0.000285913,-0.00475158,14.7079,-0.0161848
17.9,10,10.0162,0.000238262,-0.00476502,14.7079,-0.0161872
17.91,10,10.0162,0.000190489,-0.00477735,14.7078,-0.0161891
17.92,10,10.0162,0.000142603,-0.00478859,14.7078,-0.0161905
17.93,10,10.0162,9.46156e-05,-0.00479874,14.7078,-0.0161915
17.94,10,10.0162,4.65375e-05,-0.00480781,14.7078,-0.016192
17.95,10,10.0162,-1.62069e-06,-0.00481582,14.7078,-0.0161919
17.96,10,10.0162,-4.98483e-05,-0.00482276,14.7078,-0.0161914
17.97,10,10.0162,-9.81349e-05,-0.00482866,14.7078,-0.0161905
17.98,10,10.0162,-0.00014647,-0.00483351,14.7077,-0.016189
17.99,10,10.0162,-0.000194843,-0.00483734,14.7077,-0.016187
18,10,10.0162,-0.000243245,-0.00484014,14.7077,-0.0161846
18.01,10,10.0162,-0.000291664,-0.00484193,14.7077,-0.0161817
18.02,10,10.0162,-0.000340091,-0.00484272,14.7077,-0.0161783
18.03,10,10.0162,-0.000388517,-0.00484252,14.7077,-0.0161744
18.04,10,10.0162,-0.00043693,-0.00484134,14.7077,-0.01617
18.05,10,10.0162,-0.000485322,-0.00483918,14.7077,-0.0161652
18.06,10,10.0162,-0.000533683,-0.00483607,14.7077,-0.0161599
18.07,10,10.0162,-0.000582003,-0.004832,14.7078,-0.016154
18.08,10,10.0161,-0.000630272,-0.00482699,14.7078,-0.0161477
18.09,10,10.0161,-0.000678483,-0.00482106,14.7078,-0.0161409
18.1,10,10.0161,-0.000726625,-0.0048142,14.7078,-0.0161337
18.11,10,10.0161,-0.000774689,-0.00480643,14.7078,-0.0161259
18.12,10,10.0161,-0.000822667,-0.00479776,14.7078,-0.0161177
18.13,10,10.0161,-0.000870549,-0.00478821,14.7078,-0.016109
18.14,10,10.0161,-0.000918327,-0.00477777,14.7078,-0.0160998
18.15,10,10.0161,-0.000965991,-0.00476647,14.7079,-0.0160902
18.16,10,10.0161,-0.00101353,-0.00475432,14.7079,-0.01608
18.17,10,10.0161,-0.00106095,-0.00474131,14.7079,-0.0160694
18.18,10,10.0161,-0.00110822,-0.00472748,14.7079,-0.0160583
18.19,10,10.016,-0.00115535,-0.00471281,14.7079,-0.0160468
18.2,10,10.016,-0.00120232,-0.00469734,14.708,-0.0160348
18.21,10,10.016,-0.00124913,-0.00468107,14.708,-0.0160223
18.22,10,10.016,-0.00129577,-0.004664,14.708,-0.0160093
18.23,10,10.016,-0.00134224,-0.00464615,14.708,-0.0159959
18.24,10,10.016,-0.00138851,-0.00462754,14.7081,-0.015982
18.25,10,10.016,-0.00143459,-0.00460817,14.7081,-0.0159677
18.26,10,10.016,-0.00148047,-0.00458805,14.7081,-0.0159528
18.27,10,10.0159,-0.00152615,-0.00456719,14.7081,-0.0159376
18.28,10,10.0159,-0.0015716,-0.00454561,14.7082,-0.0159219
18.29,10,10.0159,-0.00161683,-0.00452332,14.7082,-0.0159057
18.3,10,10.0159,-0.00166184,-0.00450033,14.7082,-0.0158891
18.31,10,10.0159,-0.0017066,-0.00447664,14.7083,-0.015872
18.32,10,10.0159,-0.00175113,-0.00445228,14.7083,-0.0158545
18.33,10,10.0158,-0.0017954,-0.00442725,14.7084,-0.0158366
18.34,10,10.0158,-0.00183942,-0.00440156,14.7084,-0.0158182
18.35,10,10.0158,-0.00188317,-0.00437522,14.7084,-0.0157993
18.36,10,10.0158,-0.00192665,-0.00434826,14.7085,-0.0157801
18.37,10,10.0158,-0.00196986,-0.00432066,14.7085,-0.0157604
18.38,10,10.0157,-0.00201278,-0.00429246,14.7086,-0.0157402
18.39,10,10.0157,-0.00205542,-0.00426366,14.7086,-0.0157197
18.4,10,10.0157,-0.00209776,-0.00423426,14.7086,-0.0156987
18.41,10,10.0157,-0.0021398,-0.00420429,14.7087,-0.0156773
18.42,10,10.0157,-0.00218154,-0.00417375,14.7087,-0.0156555
18.43,10,10.0156,-0.00222297,-0.00414266,14.7088,-0.0156333
18.44,10,10.0156,-0.00226408,-0.00411102,14.7088,-0.0156106
18.45,10,10.0156,-0.00230487,-0.00407885,14.7089,-0.0155876
18.46,10,10.0156,-0.00234533,-0.00404616,14.7089,-0.0155641
18.47,10,10.0155,-0.00238546,-0.00401295,14.709,-0.0155403
18.48,10,10.0155,-0.00242525,-0.00397925,14.709,-0.015516
18.49,10,10.0155,-0.0024647,-0.00394506,14.7091,-0.0154914
18.5,10,10.0155,-0.0025038,-0.00391039,14.7091,-0.0154663
18.51,10,10.0154,-0.00254256,-0.00387525,14.7092,-0.0154409
18.52,10,10.0154,-0.00258095,-0.00383966,14.7092,-0.0154151
18.53,10,10.0154,-0.00261899,-0.00380363,14.7093,-0.0153889
18.54,10,10.0154,-0.00265666,-0.00376716,14.7093,-0.0153623
18.55,10,10.0153,-0.00269396,-0.00373027,14.7094,-0.0153354
18.56,10,10.0153,-0.00273089,-0.00369297,14.7095,-0.0153081
18.57,10,10.0153,-0.00276745,-0.00365527,14.7095,-0.0152804
18.58,10,10.0153,-0.00280362,-0.00361718,14.7096,-0.0152524
18.59,10,10.0152,-0.00283941,-0.00357871,14.7096,-0.015224
18.6,10,10.0152,-0.0028748,-0.00353987,14.7097,-0.0151952
18.61,10,10.0152,-0.00290981,-0.00350068,14.7097,-0.0151661
18.62,10,10.0151,-0.00294442,-0.00346114,14.7098,-0.0151367
18.63,10,10.0151,-0.00297863,-0.00342126,14.7099,-0.0151069
18.64,10,10.0151,-0.00301245,-0.00338106,14.7099,-0.0150768
18.65,10,10.015,-0.00304585,-0.00334055,14.71,-0.0150463
18.66,10,10.015,-0.00307885,-0.00329973,14.7101,-0.0150155
18.67,10,10.015,-0.00311143,-0.00325862,14.7101,-0.0149844
18.68,10,10.015,-0.00314361,-0.00321722,14.7102,-0.014953
18.69,10,10.0149,-0.00317536,-0.00317556,14.7102,-0.0149212
18.7,10,10.0149,-0.0032067,-0.00313363,14.7103,-0.0148892
18.71,10,10.0149,-0.00323761,-0.00309145,14.7104,-0.0148568
18.72,10,10.0148,-0.0032681,-0.00304902,14.7104,-0.0148241
18.73,10,10.0148,-0.00329817,-0.00300637,14.7105,-0.0147911
18.74,10,10.0148,-0.0033278,-0.00296349,14.7106,-0.0147578
18.75,10,10.0147,-0.00335701,-0.00292041,14.7106,-0.0147243
18.76,10,10.0147,-0.00338578,-0.00287712,14.7107,-0.0146904
18.77,10,10.0147,-0.00341411,-0.00283364,14.7107,-0.0146563
18.78,10,10.0146,-0.00344201,-0.00278998,14.7108,-0.0146219
18.79,10,10.0146,-0.00346947,-0.00274615,14.7109,-0.0145872
18.8,10,10.0146,-0.0034965,-0.00270215,14.7109,-0.0145522
18.81,10,10.0145,-0.00352308,-0.00265801,14.711,-0.014517
18.82,10,10.0145,-0.00354921,-0.00261372,14.7111,-0.0144815
18.83,10,10.0144,-0.00357491,-0.00256929,14.7111,-0.0144457
18.84,10,10.0144,-0.00360015,-0.00252475,14.7112,-0.0144097
18.85,10,10.0144,-0.00362495,-0.00248008,14.7113,-0.0143735
18.86,10,10.0143,-0.00364931,-0.00243532,14.7113,-0.014337
18.87,10,10.0143,-0.00367321,-0.00239046,14.7114,-0.0143002
18.88,10,10.0143,-0.00369667,-0.00234551,14.7115,-0.0142633
18.89,10,10.0142,-0.00371967,-0.00230048,14.7115,-0.0142261
18.9,10,10.0142,-0.00374223,-0.00225539,14.7116,-0.0141887
18.91,10,10.0142,-0.00376433,-0.00221023,14.7117,-0.014151
18.92,10,10.0141,-0.00378598,-0.00216503,14.7118,-0.0141132
18.93,10,10.0141,-0.00380718,-0.00211978,14.7118,-0.0140751
18.94,10,10.014,-0.00382792,-0.0020745,14.7119,-0.0140368
18.95,10,10.014,-0.00384821,-0.00202919,14.712,-0.0139983
18.96,10,10.014,-0.00386805,-0.00198387,14.712,-0.0139596
18.97,10,10.0139,-0.00388744,-0.00193854,14.7121,-0.0139208
18.98,10,10.0139,-0.00390637,-0.00189322,14.7122,-0.0138817
18.99,10,10.0138,-0.00392485,-0.0018479,14.7122,-0.0138425
19,10,10.0138,-0.00394287,-0.00180259,14.7123,-0.013803
19.01,10,10.0138,-0.00396045,-0.00175732,14.7124,-0.0137634
19.02,10,10.0137,-0.00397757,-0.00171207,14.7124,-0.0137236
19.03,10,10.0137,-0.00399424,-0.00166687,14.7125,-0.0136837
19.04,10,10.0136,-0.00401045,-0.00162172,14.7126,-0.0136436
19.05,10,10.0136,-0.00402622,-0.00157663,14.7126,-0.0136033
19.06,10,10.0136,-0.00404154,-0.00153159,14.7127,-0.0135629
19.07,10,10.0135,-0.0040564,-0.00148664,14.7128,-0.0135224
19.08,10,10.0135,-0.00407082,-0.00144176,14.7128,-0.0134817
19.09,10,10.0134,-0.00408479,-0.00139697,14.7129,-0.0134408
19.1,10,10.0134,-0.00409831,-0.00135227,14.713,-0.0133998
19.11,10,10.0134,-0.00411139,-0.00130768,14.713,-0.0133587
19.12,10,10.0133,-0.00412402,-0.00126319,14.7131,-0.0133175
19.13,10,10.0133,-0.00413621,-0.00121882,14.7132,-0.0132761
19.14,10,10.0132,-0.00414796,-0.00117458,14.7132,-0.0132346
19.15,10,10.0132,-0.00415926,-0.00113046,14.7133,-0.013193
19.16,10,10.0132,-0.00417012,-0.00108648,14.7134,-0.0131513
19.17,10,10.0131,-0.00418055,-0.00104265,14.7134,-0.0131095
19.18,10,10.0131,-0.00419054,-0.000998964,14.7135,-0.0130676
19.19,10,10.013,-0.0042001,-0.000955436,14.7136,-0.0130256
19.2,10,10.013,-0.00420922,-0.000912071,14.7136,-0.0129835
19.21,10,10.0129,-0.0042179,-0.000868876,14.7137,-0.0129413
19.22,10,10.0129,-0.00422616,-0.000825857,14.7138,-0.0128991
19.23,10,10.0129,-0.00423399,-0.00078302,14.7138,-0.0128567
19.24,10,10.0128,-0.0042414,-0.00074037,14.7139,-0.0128143
19.25,10,10.0128,-0.00424838,-0.000697915,14.714,-0.0127718
19.26,10,10.0127,-0.00425493,-0.00065566,14.714,-0.0127293
19.27,10,10.0127,-0.00426107,-0.000613611,14.7141,-0.0126867
19.28,10,10.0126,-0.00426679,-0.000571773,14.7141,-0.012644
19.29,10,10.0126,-0.00427209,-0.000530152,14.7142,-0.0126013
19.3,10,10.0126,-0.00427698,-0.000488754,14.7143,-0.0125585
19.31,10,10.0125,-0.00428145,-0.000447583,14.7143,-0.0125157
19.32,10,10.0125,-0.00428552,-0.000406646,14.7144,-0.0124729
19.33,10,10.0124,-0.00428918,-0.000365947,14.7145,-0.01243
19.34,10,10.0124,-0.00429243,-0.000325492,14.7145,-0.012387
19.35,10,10.0123,-0.00429529,-0.000285286,14.7146,-0.0123441
19.36,10,10.0123,-0.00429774,-0.000245333,14.7146,-0.0123011
19.37,10,10.0123,-0.0042998,-0.000205639,14.7147,-0.0122581
19.38,10,10.0122,-0.00430146,-0.000166208,14.7148,-0.0122151
19.39,10,10.0122,-0.00430273,-0.000127044,14.7148,-0.0121721
19.4,10,10.0121,-0.00430361,-8.81536e-05,14.7149,-0.012129
19.41,10,10.0121,-0.0043041,-4.95397e-05,14.7149,-0.012086
19.42,10,10.012,-0.00430422,-1.12072e-05,14.715,-0.012043
19.43,10,10.012,-0.00430395,2.68398e-05,14.715,-0.0119999
19.44,10,10.012,-0.0043033,6.45971e-05,14.7151,-0.0119569
19.45,10,10.0119,-0.00430228,0.00010206,14.7152,-0.0119139
19.46,10,10.0119,-0.00430089,0.000139226,14.7152,-0.0118709
19.47,10,10.0118,-0.00429913,0.00017609,14.7153,-0.0118279
19.48,10,10.0118,-0.004297,0.000212648,14.7153,-0.0117849
19.49,10,10.0117,-0.00429451,0.000248896,14.7154,-0.0117419
19.5,10,10.0117,-0.00429166,0.000284832,14.7154,-0.011699
19.51,10,10.0117,-0.00428846,0.000320451,14.7155,-0.0116561
19.52,10,10.0116,-0.0042849,0.000355751,14.7155,-0.0116133
19.53,10,10.0116,-0.004281,0.000390726,14.7156,-0.0115705
19.54,10,10.0115,-0.00427674,0.000425376,14.7156,-0.0115277
19.55,10,10.0115,-0.00427214,0.000459695,14.7157,-0.011485
19.56,10,10.0114,-0.00426721,0.000493682,14.7157,-0.0114423
19.57,10,10.0114,-0.00426193,0.000527332,14.7158,-0.0113997
19.58,10,10.0114,-0.00425633,0.000560644,14.7158,-0.0113571
19.59,10,10.0113,-0.00425039,0.000593615,14.7159,-0.0113146
19.6,10,10.0113,-0.00424413,0.00062624,14.7159,-0.0112722
19.61,10,10.0112,-0.00423754,0.000658519,14.716,-0.0112298
19.62,10,10.0112,-0.00423064,0.000690449,14.716,-0.0111875
19.63,10,10.0111,-0.00422342,0.000722026,14.7161,-0.0111453
19.64,10,10.0111,-0.00421589,0.000753249,14.7161,-0.0111031
19.65,10,10.0111,-0.00420805,0.000784115,14.7162,-0.011061
19.66,10,10.011,-0.0041999,0.000814623,14.7162,-0.011019
19.67,10,10.011,-0.00419145,0.000844769,14.7163,-0.0109771
19.68,10,10.0109,-0.00418271,0.000874552,14.7163,-0.0109353
19.69,10,10.0109,-0.00417367,0.000903971,14.7164,-0.0108936
19.7,10,10.0109,-0.00416434,0.000933022,14.7164,-0.0108519
19.71,10,10.0108,-0.00415472,0.000961705,14.7164,-0.0108104
19.72,10,10.0108,-0.00414482,0.000990017,14.7165,-0.0107689
19.73,10,10.0107,-0.00413464,0.00101796,14.7165,-0.0107276
19.74,10,10.0107,-0.00412418,0.00104552,14.7166,-0.0106863
19.75,10,10.0106,-0.00411346,0.00107272,14.7166,-0.0106452
19.76,10,10.0106,-0.00410246,0.00109953,14.7166,-0.0106042
19.77,10,10.0106,-0.0040912,0.00112597,14.7167,-0.0105633
19.78,10,10.0105,-0.00407968,0.00115203,14.7167,-0.0105225
19.79,10,10.0105,-0.00406791,0.00117771,14.7168,-0.0104818
19.8,10,10.0104,-0.00405588,0.00120301,14.7168,-0.0104412
19.81,10,10.0104,-0.0040436,0.00122792,14.7168,-0.0104008
19.82,10,10.0104,-0.00403107,0.00125246,14.7169,-0.0103605
19.83,10,10.0103,-0.00401831,0.00127661,14.7169,-0.0103203
19.84,10,10.0103,-0.0040053,0.00130037,14.717,-0.0102802
19.85,10,10.0102,-0.00399206,0.00132375,14.717,-0.0102403
19.86,10,10.0102,-0.0039786,0.00134675,14.717,-0.0102005
19.87,10,10.0102,-0.0039649,0.00136936,14.7171,-0.0101609
19.88,10,10.0101,-0.00395099,0.00139158,14.7171,-0.0101214
19.89,10,10.0101,-0.00393685,0.00141342,14.7171,-0.010082
19.9,10,10.01,-0.0039225,0.00143486,14.7172,-0.0100428
19.91,10,10.01,-0.00390795,0.00145592,14.7172,-0.0100037
19.92,10,10.01,-0.00389318,0.0014766,14.7172,-0.00996478
19.93,10,10.0099,-0.00387821,0.00149688,14.7172,-0.00992599
19.94,10,10.0099,-0.00386304,0.00151678,14.7173,-0.00988736
19.95,10,10.0098,-0.00384768,0.00153629,14.7173,-0.00984889
19.96,10,10.0098,-0.00383213,0.00155541,14.7173,-0.00981057
19.97,10,10.0098,-0.00381638,0.00157415,14.7174,-0.0097724
19.98,10,10.0097,-0.00380046,0.0015925,14.7174,-0.0097344
19.99,10,10.0097,-0.00378435,0.00161046,14.7174,-0.00969655
